car_id,brand_name,car_name,image
1,比亚迪,秦PLUS,http://n.sinaimg.cn/sinacn17/156/w401h555/20180611/77fe-hcufqih0912329.jpg
2,比亚迪,秦PLUS EV,http://n.sinaimg.cn/sinacn17/711/w296h415/20180611/79d6-hcufqih0911700.jpg
3,比亚迪,汉EV,http://img.pcauto.com.cn/images/upload/upc/tx/auto5/2409/03/c52/444076151_1725329103554.jpg
4,比亚迪,宋PLUS DM-i,http://img1.bitautoimg.com/bitauto/2012/04/15/982980a0-c70e-4396-a27f-9a12758b3b0a.jpg
5,比亚迪,海豹,https://pic3.zhimg.com/v2-6f76bcce3c4c1fbcf100e0d89d23d582_r.jpg
6,吉利,星瑞,https://image.bitautoimg.com/appimage-3000-w1/mapi/news/2023/04/03/8577c3242a22497a8964b9ad7c79510b.jpeg
7,吉利,博越L,http://n.sinaimg.cn/sinakd10012/494/w1256h838/20210304/a556-kkxpczc3636953.jpg
8,吉利,帝豪L Hi·P,https://n.sinaimg.cn/sinakd20230110ac/267/w640h427/20230110/014a-51d1415d9ead0ec3d8285d4e1a03a9f4.jpg
9,吉利,银河L7,https://pic2.zhimg.com/76c229c98402083872eb7e2236403de9_r.jpg
10,吉利,极氪001,https://picx.zhimg.com/80/v2-db54a7f3affa0a9da02eb1ffb82e3746_1440w.jpg
11,长安,UNI-V,https://img.pcauto.com.cn/images/upload/upc/tx/auto5/2205/26/c38/314769263_1653548531432.jpeg
12,长安,UNI-K,http://n.sinaimg.cn/sinacn20115/40/w480h360/20200108/7bc5-imvsvyz8915862.jpg
13,长安,深蓝SL03,http://img.pcauto.com.cn/images/upload/upc/tx/auto5/2407/23/c53/434930550_1721707370915.jpg
14,长安,深蓝S7,https://img.pcauto.com.cn/images/upload/upc/tx/auto5/2408/29/c20/442474143_1724935442203.jpg
15,长安,逸动PLUS,http://n.sinaimg.cn/sinacn20110/779/w2048h2731/20190501/aa52-hwfpcxn3302318.jpg
16,长城,哈弗H6,https://n.sinaimg.cn/sinacn20/0/w1920h1280/20181011/7484-hkrzvkw6728239.jpg
17,长城,哈弗枭龙MAX,http://n.sinaimg.cn/sinacn10122/271/w1024h847/20190117/ca31-hrvcwni9023679.jpg
18,长城,坦克300,http://n.sinaimg.cn/front/592/w825h567/20190317/-3AQ-hukwxnu7333241.jpg
19,长城,坦克500,https://pic1.zhimg.com/v2-a230cadba67010deb4027ec708cd145e_720w.jpg?source=172ae18b
20,长城,欧拉好猫,https://img.pcauto.com.cn/images/upload/upc/tx/auto5/2305/23/c41/363723791_1684832746208_800x600.jpeg
21,奇瑞,艾瑞泽8,https://pic2.zhimg.com/v2-340488463a5041b682f10cc7ef1c2700_r.jpg?source=1940ef5c
22,奇瑞,瑞虎8 PRO,https://img.pcauto.com.cn/images/upload/upc/tx/auto5/2209/07/c60/332632947_1662560038532_800x600.jpeg
23,奇瑞,瑞虎9,http://n.sinaimg.cn/sinacn/w570h378/20171228/fed1-fypyuve1708485.jpg
24,奇瑞,星途揽月,https://img1.xcarimg.com/news/3/40886/40887/846_635_20251223095603082547419056034.jpg
25,奇瑞,捷途旅行者,https://img4.bitautoimg.com/autoalbum/files/20230707/110/202307076556871642211080720_3000x2000_w1.jpg
26,蔚来,ET5,https://n.sinaimg.cn/front/153/w600h353/20190114/1Smj-hrpcmqw7594534.jpg
27,蔚来,ET7,https://pic3.zhimg.com/v2-0944a1a8b59311ae163d515cac45ed08_r.jpg?source=1940ef5c
28,蔚来,ES6,https://pic1.zhimg.com/v2-e77f3ae53c88ee99d98850912bdd59a0_b.jpg
29,蔚来,ES8,http://n.sinaimg.cn/sinacn12/720/w720h1600/20181027/98e3-hmxrkzx6290684.jpg
30,蔚来,全新蔚来ES6,http://cbu01.alicdn.com/img/ibank/2020/920/784/22529487029_1992925173.jpg
31,理想,L7,http://k.sinaimg.cn/n/front/266/w640h426/20181223/wSgc-hqqzpku8082546.jpg/w700d1q75cms.jpg
32,理想,L8,http://n.sinaimg.cn/sinakd20210416ac/47/w1566h881/20210416/594f-knvsnuf5879361.jpg
33,理想,L9,http://i.weibomingzi.com/up/2/253/4248443676/2771929883.jpg
34,理想,MEGA,https://img4.pcauto.com.cn/pcauto/images/auto_hj/20250730/31166182.jpg
35,理想,L6,https://image.jianke.com/upload/prodimage/201603wm/201635103856708.jpg
36,小鹏,G6,https://img.pcauto.com.cn/images/upload/upc/tx/auto5/2303/06/c35/352992871_1678077032071_1024.jpg
37,小鹏,G9,https://image.bitautoimg.com/appimage-1440-w1/mapi/media/2020/11/25/bf420ce2f7c04c63b4888350de7eb746.jpg
38,小鹏,P7i,https://img.pcauto.com.cn/images/upload/upc/tx/auto5/2407/12/c11/433132397_1720780528095.jpg
39,小鹏,X9,http://auto4.sinaimg.cn/autoimg/car/58/71/132077158_950.jpg
40,小鹏,Mona M03,https://img.pcauto.com.cn/images/upload/upc/tx/auto5/2411/25/c3/466417931_1732506006445.jpg
41,问界,M5,http://k.sinaimg.cn/n/sinakd20260409s/337/w512h625/20260409/b923-f4ccb3233490f28f4baaf08f862a1805.jpg/w700d1q75cms.jpg
42,问界,M5 EV,https://pic1.zhimg.com/v2-3ce49aa01f7e83ebab1278904f1eb544_r.jpg?source=1940ef5c
43,问界,M7,https://pic1.zhimg.com/v2-09c106fc206bbf35e28d26b29800a2f4_r.jpg
44,问界,M8,https://n.sinaimg.cn/sinakd20100/86/w1088h1398/20201110/af49-kcunqzc2591000.jpg
45,问界,M9,http://n.sinaimg.cn/sinacn/w614h443/20180105/2686-fyqincu3445469.jpg
46,极氪,001,https://media.ixbt.site/1600x900/smart/ixbt-data/1107309/01KBJP8PDDNMKHXMB748V59ADA.png
47,极氪,007,http://n.sinaimg.cn/sinakd20200802s/223/w1280h543/20200802/18c6-ixeeirz5044963.jpg
48,极氪,X,https://k.sinaimg.cn/n/finance/transform/136/w550h386/20220926/dc13-5eb50b6fcaa0dc37543aa50ec719be36.png/w700h350z1l10t10abf.jpg
49,极氪,X YOU,https://pic2.zhimg.com/v2-b2925e4a902916b2b3975f59f8326f25_r.jpg
50,极氪,001 FR,http://druidova.mysteria.cz/JAK_JDE_ZIVOT/Pictures/DALAJLAMA_2.jpg
51,坦克,300,https://static-data.eol.cn/upload/school/202002/1606879523_1117_thumb.jpg
52,坦克,400,https://n.sinaimg.cn/sinakd20116/525/w1280h845/20260210/d8d7-a27dcb0d55a78ec953b2a68d56e38035.jpg
53,坦克,500,https://picb.zhimg.com/v2-538423df71bef300df8281873e56033c_r.jpg
54,坦克,700,http://n.sinaimg.cn/sinacn10117/299/w2048h1451/20191115/2e3d-iikmuti1680944.jpg
55,坦克,300 越野版,https://oladino.com/wp-content/uploads/2024/10/Funny-Cat-Memes-6.png
56,零跑,C01,http://k.sinaimg.cn/n/sinakd20240515ac/503/w690h613/20240515/f997-0c90c7743bb79ea9f6f74c8910fd7021.jpg/w700d1q75cms.jpg
57,零跑,C11,https://pic2.zhimg.com/v2-175f74908e73dc43da714859835531b8_r.jpg?source=1940ef5c
58,零跑,T03,https://c-ssl.duitang.com/uploads/item/201712/29/20171229025714_2MCTP.jpeg
59,零跑,S01,https://c-ssl.duitang.com/uploads/blog/202206/05/20220605205225_32ab0.jpg
60,零跑,C10,https://k.sinaimg.cn/n/sinakd20231112s/207/w1080h1527/20231112/160b-68f282eb1c46917866fd035f0911caf8.jpg/w700d1q75cms.jpg?by=cms_fixed_width
