id,car_id,month,sales,growth_rate
1,1,2025-01,1839,0.0
2,1,2025-02,1783,-3.0
3,1,2025-03,3429,92.3
4,1,2025-04,3384,-1.3
5,1,2025-05,2613,-22.8
6,1,2025-06,2872,9.9
7,1,2025-07,3290,14.6
8,1,2025-08,2647,-19.5
9,1,2025-09,3565,34.7
10,1,2025-10,3531,-1.0
11,1,2025-11,2769,-21.6
12,1,2025-12,2746,-0.8
13,1,2026-01,2542,-7.4
14,1,2026-02,1741,-31.5
15,1,2026-03,4338,149.2
16,1,2026-04,2957,-31.8
17,1,2026-05,2932,-0.8
18,1,2026-06,3138,7.0
19,2,2025-01,1848,0.0
20,2,2025-02,1453,-21.4
21,2,2025-03,2984,105.4
22,2,2025-04,2960,-0.8
23,2,2025-05,2518,-14.9
24,2,2025-06,2635,4.6
25,2,2025-07,2006,-23.9
26,2,2025-08,2703,34.7
27,2,2025-09,3519,30.2
28,2,2025-10,3125,-11.2
29,2,2025-11,2573,-17.7
30,2,2025-12,2743,6.6
31,2,2026-01,2101,-23.4
32,2,2026-02,2110,0.4
33,2,2026-03,2988,41.6
34,2,2026-04,3045,1.9
35,2,2026-05,3360,10.3
36,2,2026-06,2979,-11.3
37,3,2025-01,1249,0.0
38,3,2025-02,1027,-17.8
39,3,2025-03,2181,112.4
40,3,2025-04,1887,-13.5
41,3,2025-05,1346,-28.7
42,3,2025-06,1589,18.1
43,3,2025-07,1405,-11.6
44,3,2025-08,2231,58.8
45,3,2025-09,2635,18.1
46,3,2025-10,2010,-23.7
47,3,2025-11,2135,6.2
48,3,2025-12,2647,24.0
49,3,2026-01,1285,-51.5
50,3,2026-02,1380,7.4
51,3,2026-03,2498,81.0
52,3,2026-04,2040,-18.3
53,3,2026-05,1738,-14.8
54,3,2026-06,1782,2.5
55,4,2025-01,1384,0.0
56,4,2025-02,901,-34.9
57,4,2025-03,2664,195.7
58,4,2025-04,2112,-20.7
59,4,2025-05,2214,4.8
60,4,2025-06,1898,-14.3
61,4,2025-07,2869,51.2
62,4,2025-08,1779,-38.0
63,4,2025-09,2449,37.7
64,4,2025-10,2769,13.1
65,4,2025-11,2873,3.8
66,4,2025-12,2072,-27.9
67,4,2026-01,1948,-6.0
68,4,2026-02,1221,-37.3
69,4,2026-03,3180,160.4
70,4,2026-04,2436,-23.4
71,4,2026-05,2922,20.0
72,4,2026-06,2665,-8.8
73,5,2025-01,1165,0.0
74,5,2025-02,1468,26.0
75,5,2025-03,1884,28.3
76,5,2025-04,1839,-2.4
77,5,2025-05,2220,20.7
78,5,2025-06,1585,-28.6
79,5,2025-07,1693,6.8
80,5,2025-08,1962,15.9
81,5,2025-09,2528,28.8
82,5,2025-10,2323,-8.1
83,5,2025-11,1773,-23.7
84,5,2025-12,2094,18.1
85,5,2026-01,1495,-28.6
86,5,2026-02,1409,-5.8
87,5,2026-03,2488,76.6
88,5,2026-04,1784,-28.3
89,5,2026-05,2011,12.7
90,5,2026-06,1767,-12.1
91,6,2025-01,1459,0.0
92,6,2025-02,862,-40.9
93,6,2025-03,2305,167.4
94,6,2025-04,1648,-28.5
95,6,2025-05,2074,25.8
96,6,2025-06,1868,-9.9
97,6,2025-07,1847,-1.1
98,6,2025-08,2004,8.5
99,6,2025-09,2245,12.0
100,6,2025-10,2335,4.0
101,6,2025-11,1878,-19.6
102,6,2025-12,2153,14.6
103,6,2026-01,1268,-41.1
104,6,2026-02,758,-40.2
105,6,2026-03,2026,167.3
106,6,2026-04,2234,10.3
107,6,2026-05,2113,-5.4
108,6,2026-06,1731,-18.1
109,7,2025-01,1427,0.0
110,7,2025-02,1192,-16.5
111,7,2025-03,2671,124.1
112,7,2025-04,2324,-13.0
113,7,2025-05,1826,-21.4
114,7,2025-06,2122,16.2
115,7,2025-07,2376,12.0
116,7,2025-08,1924,-19.0
117,7,2025-09,2630,36.7
118,7,2025-10,2622,-0.3
119,7,2025-11,2362,-9.9
120,7,2025-12,2162,-8.5
121,7,2026-01,1357,-37.2
122,7,2026-02,1172,-13.6
123,7,2026-03,2598,121.7
124,7,2026-04,2285,-12.0
125,7,2026-05,2065,-9.6
126,7,2026-06,1644,-20.4
127,8,2025-01,1098,0.0
128,8,2025-02,1168,6.4
129,8,2025-03,1858,59.1
130,8,2025-04,1962,5.6
131,8,2025-05,1745,-11.1
132,8,2025-06,1612,-7.6
133,8,2025-07,1840,14.1
134,8,2025-08,2320,26.1
135,8,2025-09,2481,6.9
136,8,2025-10,2141,-13.7
137,8,2025-11,1603,-25.1
138,8,2025-12,2171,35.4
139,8,2026-01,1579,-27.3
140,8,2026-02,1281,-18.9
141,8,2026-03,2728,113.0
142,8,2026-04,2220,-18.6
143,8,2026-05,1691,-23.8
144,8,2026-06,1899,12.3
145,9,2025-01,1544,0.0
146,9,2025-02,1356,-12.2
147,9,2025-03,2356,73.7
148,9,2025-04,2180,-7.5
149,9,2025-05,2190,0.5
150,9,2025-06,2304,5.2
151,9,2025-07,2364,2.6
152,9,2025-08,2394,1.3
153,9,2025-09,2889,20.7
154,9,2025-10,2238,-22.5
155,9,2025-11,1943,-13.2
156,9,2025-12,2326,19.7
157,9,2026-01,1797,-22.7
158,9,2026-02,1438,-20.0
159,9,2026-03,2938,104.3
160,9,2026-04,1979,-32.6
161,9,2026-05,1901,-3.9
162,9,2026-06,2491,31.0
163,10,2025-01,629,0.0
164,10,2025-02,457,-27.3
165,10,2025-03,1204,163.5
166,10,2025-04,985,-18.2
167,10,2025-05,1235,25.4
168,10,2025-06,999,-19.1
169,10,2025-07,955,-4.4
170,10,2025-08,948,-0.7
171,10,2025-09,1232,30.0
172,10,2025-10,1096,-11.0
173,10,2025-11,805,-26.6
174,10,2025-12,1136,41.1
175,10,2026-01,717,-36.9
176,10,2026-02,399,-44.4
177,10,2026-03,1105,176.9
178,10,2026-04,945,-14.5
179,10,2026-05,1120,18.5
180,10,2026-06,949,-15.3
181,11,2025-01,1484,0.0
182,11,2025-02,873,-41.2
183,11,2025-03,1881,115.5
184,11,2025-04,2132,13.3
185,11,2025-05,1658,-22.2
186,11,2025-06,1492,-10.0
187,11,2025-07,1686,13.0
188,11,2025-08,1717,1.8
189,11,2025-09,2491,45.1
190,11,2025-10,2449,-1.7
191,11,2025-11,1530,-37.5
192,11,2025-12,1910,24.8
193,11,2026-01,1262,-33.9
194,11,2026-02,1090,-13.6
195,11,2026-03,2375,117.9
196,11,2026-04,1917,-19.3
197,11,2026-05,1674,-12.7
198,11,2026-06,1481,-11.5
199,12,2025-01,754,0.0
200,12,2025-02,791,4.9
201,12,2025-03,1658,109.6
202,12,2025-04,1609,-3.0
203,12,2025-05,1317,-18.1
204,12,2025-06,1676,27.3
205,12,2025-07,1367,-18.4
206,12,2025-08,1364,-0.2
207,12,2025-09,1875,37.5
208,12,2025-10,1463,-22.0
209,12,2025-11,1485,1.5
210,12,2025-12,1142,-23.1
211,12,2026-01,1044,-8.6
212,12,2026-02,834,-20.1
213,12,2026-03,1697,103.5
214,12,2026-04,1475,-13.1
215,12,2026-05,1169,-20.7
216,12,2026-06,1169,0.0
217,13,2025-01,1501,0.0
218,13,2025-02,1150,-23.4
219,13,2025-03,2021,75.7
220,13,2025-04,2007,-0.7
221,13,2025-05,1914,-4.6
222,13,2025-06,2146,12.1
223,13,2025-07,2079,-3.1
224,13,2025-08,2027,-2.5
225,13,2025-09,2269,11.9
226,13,2025-10,2695,18.8
227,13,2025-11,1924,-28.6
228,13,2025-12,1832,-4.8
229,13,2026-01,1186,-35.3
230,13,2026-02,1070,-9.8
231,13,2026-03,2289,113.9
232,13,2026-04,2292,0.1
233,13,2026-05,2224,-3.0
234,13,2026-06,2173,-2.3
235,14,2025-01,1479,0.0
236,14,2025-02,1373,-7.2
237,14,2025-03,3183,131.8
238,14,2025-04,2437,-23.4
239,14,2025-05,2502,2.7
240,14,2025-06,1636,-34.6
241,14,2025-07,1922,17.5
242,14,2025-08,2021,5.2
243,14,2025-09,1872,-7.4
244,14,2025-10,2575,37.6
245,14,2025-11,2614,1.5
246,14,2025-12,2201,-15.8
247,14,2026-01,1635,-25.7
248,14,2026-02,1232,-24.6
249,14,2026-03,2590,110.2
250,14,2026-04,2497,-3.6
251,14,2026-05,1974,-20.9
252,14,2026-06,2505,26.9
253,15,2025-01,1347,0.0
254,15,2025-02,1558,15.7
255,15,2025-03,2823,81.2
256,15,2025-04,3094,9.6
257,15,2025-05,2728,-11.8
258,15,2025-06,1781,-34.7
259,15,2025-07,1773,-0.4
260,15,2025-08,2309,30.2
261,15,2025-09,3054,32.3
262,15,2025-10,2931,-4.0
263,15,2025-11,2634,-10.1
264,15,2025-12,2972,12.8
265,15,2026-01,1463,-50.8
266,15,2026-02,1175,-19.7
267,15,2026-03,3090,163.0
268,15,2026-04,2511,-18.7
269,15,2026-05,2468,-1.7
270,15,2026-06,2192,-11.2
271,16,2025-01,1418,0.0
272,16,2025-02,1463,3.2
273,16,2025-03,2000,36.7
274,16,2025-04,1853,-7.4
275,16,2025-05,2229,20.3
276,16,2025-06,2336,4.8
277,16,2025-07,2018,-13.6
278,16,2025-08,1844,-8.6
279,16,2025-09,2044,10.8
280,16,2025-10,2561,25.3
281,16,2025-11,1847,-27.9
282,16,2025-12,2871,55.4
283,16,2026-01,1856,-35.4
284,16,2026-02,1275,-31.3
285,16,2026-03,2628,106.1
286,16,2026-04,2142,-18.5
287,16,2026-05,2353,9.9
288,16,2026-06,1965,-16.5
289,17,2025-01,1464,0.0
290,17,2025-02,1452,-0.8
291,17,2025-03,2692,85.4
292,17,2025-04,2759,2.5
293,17,2025-05,1686,-38.9
294,17,2025-06,1865,10.6
295,17,2025-07,1881,0.9
296,17,2025-08,2446,30.0
297,17,2025-09,2594,6.1
298,17,2025-10,2737,5.5
299,17,2025-11,1925,-29.7
300,17,2025-12,2326,20.8
301,17,2026-01,2038,-12.4
302,17,2026-02,1643,-19.4
303,17,2026-03,2132,29.8
304,17,2026-04,2520,18.2
305,17,2026-05,2534,0.6
306,17,2026-06,2065,-18.5
307,18,2025-01,838,0.0
308,18,2025-02,893,6.6
309,18,2025-03,1676,87.7
310,18,2025-04,1545,-7.8
311,18,2025-05,1353,-12.4
312,18,2025-06,1677,23.9
313,18,2025-07,1228,-26.8
314,18,2025-08,1362,10.9
315,18,2025-09,1904,39.8
316,18,2025-10,1801,-5.4
317,18,2025-11,1209,-32.9
318,18,2025-12,1754,45.1
319,18,2026-01,796,-54.6
320,18,2026-02,828,4.0
321,18,2026-03,1594,92.5
322,18,2026-04,1325,-16.9
323,18,2026-05,1567,18.3
324,18,2026-06,941,-39.9
325,19,2025-01,440,0.0
326,19,2025-02,369,-16.1
327,19,2025-03,914,147.7
328,19,2025-04,859,-6.0
329,19,2025-05,754,-12.2
330,19,2025-06,765,1.5
331,19,2025-07,505,-34.0
332,19,2025-08,738,46.1
333,19,2025-09,748,1.4
334,19,2025-10,790,5.6
335,19,2025-11,745,-5.7
336,19,2025-12,767,3.0
337,19,2026-01,562,-26.7
338,19,2026-02,315,-44.0
339,19,2026-03,744,136.2
340,19,2026-04,595,-20.0
341,19,2026-05,554,-6.9
342,19,2026-06,734,32.5
343,20,2025-01,1936,0.0
344,20,2025-02,1933,-0.2
345,20,2025-03,3731,93.0
346,20,2025-04,2889,-22.6
347,20,2025-05,2418,-16.3
348,20,2025-06,2918,20.7
349,20,2025-07,2524,-13.5
350,20,2025-08,2480,-1.7
351,20,2025-09,3101,25.0
352,20,2025-10,3378,8.9
353,20,2025-11,3365,-0.4
354,20,2025-12,3088,-8.2
355,20,2026-01,2390,-22.6
356,20,2026-02,1810,-24.3
357,20,2026-03,3407,88.2
358,20,2026-04,4178,22.6
359,20,2026-05,3664,-12.3
360,20,2026-06,2931,-20.0
361,21,2025-01,1134,0.0
362,21,2025-02,871,-23.2
363,21,2025-03,2264,159.9
364,21,2025-04,1832,-19.1
365,21,2025-05,1900,3.7
366,21,2025-06,1776,-6.5
367,21,2025-07,1894,6.6
368,21,2025-08,2149,13.5
369,21,2025-09,2428,13.0
370,21,2025-10,1972,-18.8
371,21,2025-11,1715,-13.0
372,21,2025-12,2118,23.5
373,21,2026-01,1097,-48.2
374,21,2026-02,1173,6.9
375,21,2026-03,2345,99.9
376,21,2026-04,1880,-19.8
377,21,2026-05,1631,-13.2
378,21,2026-06,1345,-17.5
379,22,2025-01,835,0.0
380,22,2025-02,666,-20.2
381,22,2025-03,1661,149.4
382,22,2025-04,1372,-17.4
383,22,2025-05,1227,-10.6
384,22,2025-06,1448,18.0
385,22,2025-07,1401,-3.2
386,22,2025-08,1457,4.0
387,22,2025-09,1914,31.4
388,22,2025-10,1861,-2.8
389,22,2025-11,1170,-37.1
390,22,2025-12,1646,40.7
391,22,2026-01,756,-54.1
392,22,2026-02,749,-0.9
393,22,2026-03,1857,147.9
394,22,2026-04,1569,-15.5
395,22,2026-05,1490,-5.0
396,22,2026-06,1339,-10.1
397,23,2025-01,1129,0.0
398,23,2025-02,674,-40.3
399,23,2025-03,1595,136.6
400,23,2025-04,1457,-8.7
401,23,2025-05,1717,17.8
402,23,2025-06,1472,-14.3
403,23,2025-07,1551,5.4
404,23,2025-08,1316,-15.2
405,23,2025-09,2278,73.1
406,23,2025-10,1749,-23.2
407,23,2025-11,1274,-27.2
408,23,2025-12,1945,52.7
409,23,2026-01,800,-58.9
410,23,2026-02,741,-7.4
411,23,2026-03,1609,117.1
412,23,2026-04,1278,-20.6
413,23,2026-05,1467,14.8
414,23,2026-06,1354,-7.7
415,24,2025-01,979,0.0
416,24,2025-02,1016,3.8
417,24,2025-03,1331,31.0
418,24,2025-04,1686,26.7
419,24,2025-05,1243,-26.3
420,24,2025-06,1541,24.0
421,24,2025-07,1695,10.0
422,24,2025-08,1849,9.1
423,24,2025-09,1752,-5.2
424,24,2025-10,1424,-18.7
425,24,2025-11,1506,5.8
426,24,2025-12,1508,0.1
427,24,2026-01,761,-49.5
428,24,2026-02,901,18.4
429,24,2026-03,1472,63.4
430,24,2026-04,1699,15.4
431,24,2026-05,1539,-9.4
432,24,2026-06,1266,-17.7
433,25,2025-01,970,0.0
434,25,2025-02,803,-17.2
435,25,2025-03,1565,94.9
436,25,2025-04,1987,27.0
437,25,2025-05,1224,-38.4
438,25,2025-06,1319,7.8
439,25,2025-07,1544,17.1
440,25,2025-08,1382,-10.5
441,25,2025-09,1658,20.0
442,25,2025-10,1391,-16.1
443,25,2025-11,1656,19.1
444,25,2025-12,1647,-0.5
445,25,2026-01,1020,-38.1
446,25,2026-02,678,-33.5
447,25,2026-03,1756,159.0
448,25,2026-04,1498,-14.7
449,25,2026-05,1324,-11.6
450,25,2026-06,1094,-17.4
451,26,2025-01,627,0.0
452,26,2025-02,486,-22.5
453,26,2025-03,1099,126.1
454,26,2025-04,962,-12.5
455,26,2025-05,875,-9.0
456,26,2025-06,961,9.8
457,26,2025-07,910,-5.3
458,26,2025-08,1027,12.9
459,26,2025-09,1259,22.6
460,26,2025-10,1244,-1.2
461,26,2025-11,861,-30.8
462,26,2025-12,980,13.8
463,26,2026-01,771,-21.3
464,26,2026-02,607,-21.3
465,26,2026-03,1358,123.7
466,26,2026-04,1143,-15.8
467,26,2026-05,949,-17.0
468,26,2026-06,1055,11.2
469,27,2025-01,612,0.0
470,27,2025-02,605,-1.1
471,27,2025-03,1331,120.0
472,27,2025-04,1080,-18.9
473,27,2025-05,1163,7.7
474,27,2025-06,707,-39.2
475,27,2025-07,857,21.2
476,27,2025-08,935,9.1
477,27,2025-09,1141,22.0
478,27,2025-10,1159,1.6
479,27,2025-11,930,-19.8
480,27,2025-12,1158,24.5
481,27,2026-01,776,-33.0
482,27,2026-02,626,-19.3
483,27,2026-03,1051,67.9
484,27,2026-04,1118,6.4
485,27,2026-05,1083,-3.1
486,27,2026-06,995,-8.1
487,28,2025-01,729,0.0
488,28,2025-02,729,0.0
489,28,2025-03,1169,60.4
490,28,2025-04,1050,-10.2
491,28,2025-05,1133,7.9
492,28,2025-06,1063,-6.2
493,28,2025-07,1163,9.4
494,28,2025-08,1073,-7.7
495,28,2025-09,1161,8.2
496,28,2025-10,1086,-6.5
497,28,2025-11,1061,-2.3
498,28,2025-12,1288,21.4
499,28,2026-01,874,-32.1
500,28,2026-02,536,-38.7
501,28,2026-03,1464,173.1
502,28,2026-04,1194,-18.4
503,28,2026-05,1008,-15.6
504,28,2026-06,1386,37.5
505,29,2025-01,249,0.0
506,29,2025-02,228,-8.4
507,29,2025-03,546,139.5
508,29,2025-04,340,-37.7
509,29,2025-05,333,-2.1
510,29,2025-06,392,17.7
511,29,2025-07,296,-24.5
512,29,2025-08,373,26.0
513,29,2025-09,462,23.9
514,29,2025-10,475,2.8
515,29,2025-11,391,-17.7
516,29,2025-12,349,-10.7
517,29,2026-01,297,-14.9
518,29,2026-02,252,-15.2
519,29,2026-03,400,58.7
520,29,2026-04,369,-7.8
521,29,2026-05,360,-2.4
522,29,2026-06,315,-12.5
523,30,2025-01,819,0.0
524,30,2025-02,600,-26.7
525,30,2025-03,1210,101.7
526,30,2025-04,961,-20.6
527,30,2025-05,999,4.0
528,30,2025-06,1177,17.8
529,30,2025-07,1149,-2.4
530,30,2025-08,895,-22.1
531,30,2025-09,1215,35.8
532,30,2025-10,1373,13.0
533,30,2025-11,1053,-23.3
534,30,2025-12,1098,4.3
535,30,2026-01,716,-34.8
536,30,2026-02,576,-19.6
537,30,2026-03,1392,141.7
538,30,2026-04,1152,-17.2
539,30,2026-05,1310,13.7
540,30,2026-06,1089,-16.9
541,31,2025-01,642,0.0
542,31,2025-02,676,5.3
543,31,2025-03,1454,115.1
544,31,2025-04,1001,-31.2
545,31,2025-05,834,-16.7
546,31,2025-06,942,12.9
547,31,2025-07,884,-6.2
548,31,2025-08,1329,50.3
549,31,2025-09,1149,-13.5
550,31,2025-10,1226,6.7
551,31,2025-11,1317,7.4
552,31,2025-12,1299,-1.4
553,31,2026-01,749,-42.3
554,31,2026-02,622,-17.0
555,31,2026-03,1346,116.4
556,31,2026-04,1172,-12.9
557,31,2026-05,1359,16.0
558,31,2026-06,1077,-20.8
559,32,2025-01,608,0.0
560,32,2025-02,698,14.8
561,32,2025-03,1408,101.7
562,32,2025-04,1068,-24.1
563,32,2025-05,1146,7.3
564,32,2025-06,1005,-12.3
565,32,2025-07,902,-10.2
566,32,2025-08,1100,22.0
567,32,2025-09,1189,8.1
568,32,2025-10,1179,-0.8
569,32,2025-11,993,-15.8
570,32,2025-12,1223,23.2
571,32,2026-01,816,-33.3
572,32,2026-02,577,-29.3
573,32,2026-03,1224,112.1
574,32,2026-04,1207,-1.4
575,32,2026-05,1217,0.8
576,32,2026-06,1107,-9.0
577,33,2025-01,534,0.0
578,33,2025-02,720,34.8
579,33,2025-03,1518,110.8
580,33,2025-04,1307,-13.9
581,33,2025-05,1117,-14.5
582,33,2025-06,1080,-3.3
583,33,2025-07,972,-10.0
584,33,2025-08,1136,16.9
585,33,2025-09,1192,4.9
586,33,2025-10,1295,8.6
587,33,2025-11,927,-28.4
588,33,2025-12,1259,35.8
589,33,2026-01,764,-39.3
590,33,2026-02,749,-2.0
591,33,2026-03,1406,87.7
592,33,2026-04,1140,-18.9
593,33,2026-05,1269,11.3
594,33,2026-06,943,-25.7
595,34,2025-01,183,0.0
596,34,2025-02,152,-16.9
597,34,2025-03,355,133.6
598,34,2025-04,284,-20.0
599,34,2025-05,282,-0.7
600,34,2025-06,277,-1.8
601,34,2025-07,197,-28.9
602,34,2025-08,257,30.5
603,34,2025-09,364,41.6
604,34,2025-10,373,2.5
605,34,2025-11,312,-16.4
606,34,2025-12,355,13.8
607,34,2026-01,202,-43.1
608,34,2026-02,181,-10.4
609,34,2026-03,337,86.2
610,34,2026-04,298,-11.6
611,34,2026-05,270,-9.4
612,34,2026-06,267,-1.1
613,35,2025-01,1419,0.0
614,35,2025-02,1151,-18.9
615,35,2025-03,2512,118.2
616,35,2025-04,1718,-31.6
617,35,2025-05,2206,28.4
618,35,2025-06,2041,-7.5
619,35,2025-07,2223,8.9
620,35,2025-08,2098,-5.6
621,35,2025-09,2590,23.5
622,35,2025-10,2853,10.2
623,35,2025-11,2198,-23.0
624,35,2025-12,2913,32.5
625,35,2026-01,1328,-54.4
626,35,2026-02,1332,0.3
627,35,2026-03,2380,78.7
628,35,2026-04,2187,-8.1
629,35,2026-05,2087,-4.6
630,35,2026-06,2069,-0.9
631,36,2025-01,1589,0.0
632,36,2025-02,1077,-32.2
633,36,2025-03,2688,149.6
634,36,2025-04,1817,-32.4
635,36,2025-05,1996,9.9
636,36,2025-06,2315,16.0
637,36,2025-07,2227,-3.8
638,36,2025-08,2294,3.0
639,36,2025-09,2966,29.3
640,36,2025-10,2729,-8.0
641,36,2025-11,2408,-11.8
642,36,2025-12,2749,14.2
643,36,2026-01,1398,-49.1
644,36,2026-02,1361,-2.6
645,36,2026-03,2963,117.7
646,36,2026-04,2632,-11.2
647,36,2026-05,2460,-6.5
648,36,2026-06,2540,3.3
649,37,2025-01,682,0.0
650,37,2025-02,523,-23.3
651,37,2025-03,1443,175.9
652,37,2025-04,1098,-23.9
653,37,2025-05,980,-10.7
654,37,2025-06,1003,2.3
655,37,2025-07,1000,-0.3
656,37,2025-08,1245,24.5
657,37,2025-09,1526,22.6
658,37,2025-10,1324,-13.2
659,37,2025-11,1192,-10.0
660,37,2025-12,1181,-0.9
661,37,2026-01,897,-24.0
662,37,2026-02,491,-45.3
663,37,2026-03,1183,140.9
664,37,2026-04,1201,1.5
665,37,2026-05,1095,-8.8
666,37,2026-06,972,-11.2
667,38,2025-01,1357,0.0
668,38,2025-02,958,-29.4
669,38,2025-03,2234,133.2
670,38,2025-04,1939,-13.2
671,38,2025-05,1837,-5.3
672,38,2025-06,1565,-14.8
673,38,2025-07,1792,14.5
674,38,2025-08,2216,23.7
675,38,2025-09,2554,15.3
676,38,2025-10,2476,-3.1
677,38,2025-11,1929,-22.1
678,38,2025-12,1628,-15.6
679,38,2026-01,1311,-19.5
680,38,2026-02,1172,-10.6
681,38,2026-03,2767,136.1
682,38,2026-04,2386,-13.8
683,38,2026-05,2107,-11.7
684,38,2026-06,1713,-18.7
685,39,2025-01,577,0.0
686,39,2025-02,473,-18.0
687,39,2025-03,951,101.1
688,39,2025-04,732,-23.0
689,39,2025-05,866,18.3
690,39,2025-06,779,-10.0
691,39,2025-07,905,16.2
692,39,2025-08,716,-20.9
693,39,2025-09,933,30.3
694,39,2025-10,1436,53.9
695,39,2025-11,783,-45.5
696,39,2025-12,952,21.6
697,39,2026-01,658,-30.9
698,39,2026-02,473,-28.1
699,39,2026-03,1300,174.8
700,39,2026-04,937,-27.9
701,39,2026-05,918,-2.0
702,39,2026-06,1046,13.9
703,40,2025-01,1143,0.0
704,40,2025-02,1022,-10.6
705,40,2025-03,2087,104.2
706,40,2025-04,1596,-23.5
707,40,2025-05,1885,18.1
708,40,2025-06,1837,-2.5
709,40,2025-07,1875,2.1
710,40,2025-08,2084,11.1
711,40,2025-09,2647,27.0
712,40,2025-10,2310,-12.7
713,40,2025-11,1891,-18.1
714,40,2025-12,2345,24.0
715,40,2026-01,1273,-45.7
716,40,2026-02,1394,9.5
717,40,2026-03,2338,67.7
718,40,2026-04,2292,-2.0
719,40,2026-05,2444,6.6
720,40,2026-06,1390,-43.1
721,41,2025-01,1419,0.0
722,41,2025-02,1188,-16.3
723,41,2025-03,3017,154.0
724,41,2025-04,2090,-30.7
725,41,2025-05,2786,33.3
726,41,2025-06,1632,-41.4
727,41,2025-07,2198,34.7
728,41,2025-08,2118,-3.6
729,41,2025-09,2925,38.1
730,41,2025-10,2379,-18.7
731,41,2025-11,2118,-11.0
732,41,2025-12,1838,-13.2
733,41,2026-01,1618,-12.0
734,41,2026-02,1126,-30.4
735,41,2026-03,2320,106.0
736,41,2026-04,2440,5.2
737,41,2026-05,2272,-6.9
738,41,2026-06,2466,8.5
739,42,2025-01,1217,0.0
740,42,2025-02,1311,7.7
741,42,2025-03,2601,98.4
742,42,2025-04,2117,-18.6
743,42,2025-05,1896,-10.4
744,42,2025-06,1980,4.4
745,42,2025-07,2334,17.9
746,42,2025-08,2122,-9.1
747,42,2025-09,3038,43.2
748,42,2025-10,2469,-18.7
749,42,2025-11,2703,9.5
750,42,2025-12,2360,-12.7
751,42,2026-01,1564,-33.7
752,42,2026-02,1107,-29.2
753,42,2026-03,2281,106.1
754,42,2026-04,2525,10.7
755,42,2026-05,2242,-11.2
756,42,2026-06,2270,1.2
757,43,2025-01,666,0.0
758,43,2025-02,613,-8.0
759,43,2025-03,1158,88.9
760,43,2025-04,1137,-1.8
761,43,2025-05,1021,-10.2
762,43,2025-06,1223,19.8
763,43,2025-07,968,-20.9
764,43,2025-08,1260,30.2
765,43,2025-09,1204,-4.4
766,43,2025-10,1205,0.1
767,43,2025-11,1006,-16.5
768,43,2025-12,1354,34.6
769,43,2026-01,840,-38.0
770,43,2026-02,697,-17.0
771,43,2026-03,1415,103.0
772,43,2026-04,1050,-25.8
773,43,2026-05,1346,28.2
774,43,2026-06,1281,-4.8
775,44,2025-01,566,0.0
776,44,2025-02,489,-13.6
777,44,2025-03,1056,116.0
778,44,2025-04,841,-20.4
779,44,2025-05,801,-4.8
780,44,2025-06,736,-8.1
781,44,2025-07,791,7.5
782,44,2025-08,819,3.5
783,44,2025-09,1173,43.2
784,44,2025-10,959,-18.2
785,44,2025-11,831,-13.3
786,44,2025-12,851,2.4
787,44,2026-01,512,-39.8
788,44,2026-02,637,24.4
789,44,2026-03,1143,79.4
790,44,2026-04,1043,-8.7
791,44,2026-05,844,-19.1
792,44,2026-06,1009,19.5
793,45,2025-01,246,0.0
794,45,2025-02,244,-0.8
795,45,2025-03,416,70.5
796,45,2025-04,364,-12.5
797,45,2025-05,327,-10.2
798,45,2025-06,336,2.8
799,45,2025-07,361,7.4
800,45,2025-08,436,20.8
801,45,2025-09,544,24.8
802,45,2025-10,430,-21.0
803,45,2025-11,427,-0.7
804,45,2025-12,264,-38.2
805,45,2026-01,251,-4.9
806,45,2026-02,235,-6.4
807,45,2026-03,507,115.7
808,45,2026-04,422,-16.8
809,45,2026-05,381,-9.7
810,45,2026-06,345,-9.4
811,46,2025-01,571,0.0
812,46,2025-02,666,16.6
813,46,2025-03,1235,85.4
814,46,2025-04,1105,-10.5
815,46,2025-05,913,-17.4
816,46,2025-06,813,-11.0
817,46,2025-07,978,20.3
818,46,2025-08,963,-1.5
819,46,2025-09,1180,22.5
820,46,2025-10,1106,-6.3
821,46,2025-11,899,-18.7
822,46,2025-12,916,1.9
823,46,2026-01,674,-26.4
824,46,2026-02,497,-26.3
825,46,2026-03,1282,157.9
826,46,2026-04,1155,-9.9
827,46,2026-05,909,-21.3
828,46,2026-06,745,-18.0
829,47,2025-01,1323,0.0
830,47,2025-02,1117,-15.6
831,47,2025-03,2183,95.4
832,47,2025-04,1604,-26.5
833,47,2025-05,1405,-12.4
834,47,2025-06,2095,49.1
835,47,2025-07,1787,-14.7
836,47,2025-08,2048,14.6
837,47,2025-09,2378,16.1
838,47,2025-10,2330,-2.0
839,47,2025-11,1648,-29.3
840,47,2025-12,1936,17.5
841,47,2026-01,1163,-39.9
842,47,2026-02,1038,-10.7
843,47,2026-03,2190,111.0
844,47,2026-04,1644,-24.9
845,47,2026-05,1894,15.2
846,47,2026-06,1746,-7.8
847,48,2025-01,1246,0.0
848,48,2025-02,1228,-1.4
849,48,2025-03,2501,103.7
850,48,2025-04,1976,-21.0
851,48,2025-05,2605,31.8
852,48,2025-06,2171,-16.7
853,48,2025-07,2394,10.3
854,48,2025-08,2134,-10.9
855,48,2025-09,3054,43.1
856,48,2025-10,2787,-8.7
857,48,2025-11,1966,-29.5
858,48,2025-12,2160,9.9
859,48,2026-01,2156,-0.2
860,48,2026-02,1305,-39.5
861,48,2026-03,2913,123.2
862,48,2026-04,2352,-19.3
863,48,2026-05,2535,7.8
864,48,2026-06,1933,-23.7
865,49,2025-01,1277,0.0
866,49,2025-02,1418,11.0
867,49,2025-03,2564,80.8
868,49,2025-04,1544,-39.8
869,49,2025-05,2104,36.3
870,49,2025-06,1955,-7.1
871,49,2025-07,2290,17.1
872,49,2025-08,2307,0.7
873,49,2025-09,2871,24.4
874,49,2025-10,2579,-10.2
875,49,2025-11,2317,-10.2
876,49,2025-12,2027,-12.5
877,49,2026-01,1441,-28.9
878,49,2026-02,1232,-14.5
879,49,2026-03,2310,87.5
880,49,2026-04,2643,14.4
881,49,2026-05,2603,-1.5
882,49,2026-06,2357,-9.5
883,50,2025-01,195,0.0
884,50,2025-02,169,-13.3
885,50,2025-03,343,103.0
886,50,2025-04,361,5.2
887,50,2025-05,323,-10.5
888,50,2025-06,350,8.4
889,50,2025-07,270,-22.9
890,50,2025-08,313,15.9
891,50,2025-09,339,8.3
892,50,2025-10,307,-9.4
893,50,2025-11,318,3.6
894,50,2025-12,327,2.8
895,50,2026-01,217,-33.6
896,50,2026-02,162,-25.3
897,50,2026-03,408,151.9
898,50,2026-04,338,-17.2
899,50,2026-05,370,9.5
900,50,2026-06,339,-8.4
901,51,2025-01,813,0.0
902,51,2025-02,867,6.6
903,51,2025-03,1536,77.2
904,51,2025-04,1715,11.7
905,51,2025-05,1375,-19.8
906,51,2025-06,1231,-10.5
907,51,2025-07,1312,6.6
908,51,2025-08,1188,-9.5
909,51,2025-09,2068,74.1
910,51,2025-10,2077,0.4
911,51,2025-11,1148,-44.7
912,51,2025-12,1472,28.2
913,51,2026-01,953,-35.3
914,51,2026-02,768,-19.4
915,51,2026-03,1897,147.0
916,51,2026-04,1665,-12.2
917,51,2026-05,1339,-19.6
918,51,2026-06,1636,22.2
919,52,2025-01,729,0.0
920,52,2025-02,606,-16.9
921,52,2025-03,1294,113.5
922,52,2025-04,1000,-22.7
923,52,2025-05,1232,23.2
924,52,2025-06,1073,-12.9
925,52,2025-07,1010,-5.9
926,52,2025-08,1086,7.5
927,52,2025-09,1228,13.1
928,52,2025-10,1316,7.2
929,52,2025-11,946,-28.1
930,52,2025-12,1176,24.3
931,52,2026-01,749,-36.3
932,52,2026-02,733,-2.1
933,52,2026-03,1548,111.2
934,52,2026-04,1321,-14.7
935,52,2026-05,1135,-14.1
936,52,2026-06,1004,-11.5
937,53,2025-01,465,0.0
938,53,2025-02,413,-11.2
939,53,2025-03,876,112.1
940,53,2025-04,675,-22.9
941,53,2025-05,609,-9.8
942,53,2025-06,669,9.9
943,53,2025-07,802,19.9
944,53,2025-08,887,10.6
945,53,2025-09,982,10.7
946,53,2025-10,729,-25.8
947,53,2025-11,846,16.0
948,53,2025-12,681,-19.5
949,53,2026-01,438,-35.7
950,53,2026-02,435,-0.7
951,53,2026-03,690,58.6
952,53,2026-04,794,15.1
953,53,2026-05,685,-13.7
954,53,2026-06,686,0.1
955,54,2025-01,435,0.0
956,54,2025-02,456,4.8
957,54,2025-03,878,92.5
958,54,2025-04,692,-21.2
959,54,2025-05,768,11.0
960,54,2025-06,446,-41.9
961,54,2025-07,719,61.2
962,54,2025-08,715,-0.6
963,54,2025-09,811,13.4
964,54,2025-10,845,4.2
965,54,2025-11,767,-9.2
966,54,2025-12,691,-9.9
967,54,2026-01,476,-31.1
968,54,2026-02,411,-13.7
969,54,2026-03,867,110.9
970,54,2026-04,831,-4.2
971,54,2026-05,651,-21.7
972,54,2026-06,759,16.6
973,55,2025-01,814,0.0
974,55,2025-02,857,5.3
975,55,2025-03,1314,53.3
976,55,2025-04,1461,11.2
977,55,2025-05,1499,2.6
978,55,2025-06,1629,8.7
979,55,2025-07,1388,-14.8
980,55,2025-08,1318,-5.0
981,55,2025-09,2014,52.8
982,55,2025-10,1664,-17.4
983,55,2025-11,1466,-11.9
984,55,2025-12,1685,14.9
985,55,2026-01,1092,-35.2
986,55,2026-02,655,-40.0
987,55,2026-03,1666,154.4
988,55,2026-04,1446,-13.2
989,55,2026-05,1202,-16.9
990,55,2026-06,1055,-12.2
991,56,2025-01,1253,0.0
992,56,2025-02,1025,-18.2
993,56,2025-03,1988,94.0
994,56,2025-04,1879,-5.5
995,56,2025-05,1748,-7.0
996,56,2025-06,1742,-0.3
997,56,2025-07,2182,25.3
998,56,2025-08,1925,-11.8
999,56,2025-09,2939,52.7
1000,56,2025-10,2551,-13.2
1001,56,2025-11,2173,-14.8
1002,56,2025-12,1867,-14.1
1003,56,2026-01,1340,-28.2
1004,56,2026-02,1062,-20.7
1005,56,2026-03,2513,136.6
1006,56,2026-04,2083,-17.1
1007,56,2026-05,2111,1.3
1008,56,2026-06,1978,-6.3
1009,57,2025-01,1482,0.0
1010,57,2025-02,1195,-19.4
1011,57,2025-03,2212,85.1
1012,57,2025-04,2081,-5.9
1013,57,2025-05,2279,9.5
1014,57,2025-06,1959,-14.0
1015,57,2025-07,2095,6.9
1016,57,2025-08,2453,17.1
1017,57,2025-09,2919,19.0
1018,57,2025-10,2101,-28.0
1019,57,2025-11,2218,5.6
1020,57,2025-12,2106,-5.0
1021,57,2026-01,1587,-24.6
1022,57,2026-02,1437,-9.5
1023,57,2026-03,2921,103.3
1024,57,2026-04,2897,-0.8
1025,57,2026-05,2167,-25.2
1026,57,2026-06,2118,-2.3
1027,58,2025-01,2813,0.0
1028,58,2025-02,2523,-10.3
1029,58,2025-03,3975,57.6
1030,58,2025-04,4309,8.4
1031,58,2025-05,4105,-4.7
1032,58,2025-06,3556,-13.4
1033,58,2025-07,3693,3.9
1034,58,2025-08,4378,18.5
1035,58,2025-09,5253,20.0
1036,58,2025-10,4847,-7.7
1037,58,2025-11,3701,-23.6
1038,58,2025-12,3381,-8.6
1039,58,2026-01,2862,-15.4
1040,58,2026-02,2406,-15.9
1041,58,2026-03,5261,118.7
1042,58,2026-04,3973,-24.5
1043,58,2026-05,4495,13.1
1044,58,2026-06,4173,-7.2
1045,59,2025-01,518,0.0
1046,59,2025-02,544,5.0
1047,59,2025-03,939,72.6
1048,59,2025-04,788,-16.1
1049,59,2025-05,845,7.2
1050,59,2025-06,780,-7.7
1051,59,2025-07,736,-5.6
1052,59,2025-08,934,26.9
1053,59,2025-09,1078,15.4
1054,59,2025-10,908,-15.8
1055,59,2025-11,692,-23.8
1056,59,2025-12,967,39.7
1057,59,2026-01,632,-34.6
1058,59,2026-02,544,-13.9
1059,59,2026-03,1255,130.7
1060,59,2026-04,662,-47.3
1061,59,2026-05,1039,56.9
1062,59,2026-06,999,-3.8
1063,60,2025-01,1923,0.0
1064,60,2025-02,2101,9.3
1065,60,2025-03,3390,61.4
1066,60,2025-04,2884,-14.9
1067,60,2025-05,3109,7.8
1068,60,2025-06,3656,17.6
1069,60,2025-07,3302,-9.7
1070,60,2025-08,3352,1.5
1071,60,2025-09,4577,36.5
1072,60,2025-10,3543,-22.6
1073,60,2025-11,3963,11.9
1074,60,2025-12,4194,5.8
1075,60,2026-01,2520,-39.9
1076,60,2026-02,1864,-26.0
1077,60,2026-03,4660,150.0
1078,60,2026-04,3750,-19.5
1079,60,2026-05,3725,-0.7
1080,60,2026-06,3743,0.5
1081,61,2025-01,2770,0.0
1082,61,2025-02,2017,-27.2
1083,61,2025-03,5348,165.1
1084,61,2025-04,4114,-23.1
1085,61,2025-05,3949,-4.0
1086,61,2025-06,3889,-1.5
1087,61,2025-07,3965,2.0
1088,61,2025-08,4386,10.6
1089,61,2025-09,5115,16.6
1090,61,2025-10,4526,-11.5
1091,61,2025-11,3789,-16.3
1092,61,2025-12,4000,5.6
1093,61,2026-01,2794,-30.1
1094,61,2026-02,2782,-0.4
1095,61,2026-03,4785,72.0
1096,61,2026-04,4316,-9.8
1097,61,2026-05,4126,-4.4
1098,61,2026-06,4232,2.6
1099,62,2025-01,2349,0.0
1100,62,2025-02,2317,-1.4
1101,62,2025-03,3128,35.0
1102,62,2025-04,3206,2.5
1103,62,2025-05,3364,4.9
1104,62,2025-06,2392,-28.9
1105,62,2025-07,3826,59.9
1106,62,2025-08,3286,-14.1
1107,62,2025-09,3743,13.9
1108,62,2025-10,4275,14.2
1109,62,2025-11,2473,-42.2
1110,62,2025-12,3619,46.3
1111,62,2026-01,2111,-41.7
1112,62,2026-02,2055,-2.7
1113,62,2026-03,4315,110.0
1114,62,2026-04,3967,-8.1
1115,62,2026-05,3629,-8.5
1116,62,2026-06,4118,13.5
1117,63,2025-01,1272,0.0
1118,63,2025-02,1041,-18.2
1119,63,2025-03,2498,140.0
1120,63,2025-04,1896,-24.1
1121,63,2025-05,1916,1.1
1122,63,2025-06,917,-52.1
1123,63,2025-07,1934,110.9
1124,63,2025-08,1914,-1.0
1125,63,2025-09,2273,18.8
1126,63,2025-10,2045,-10.0
1127,63,2025-11,2158,5.5
1128,63,2025-12,1544,-28.5
1129,63,2026-01,1914,24.0
1130,63,2026-02,1359,-29.0
1131,63,2026-03,2500,84.0
1132,63,2026-04,2578,3.1
1133,63,2026-05,2071,-19.7
1134,63,2026-06,1704,-17.7
1135,64,2025-01,2956,0.0
1136,64,2025-02,1818,-38.5
1137,64,2025-03,4864,167.5
1138,64,2025-04,4553,-6.4
1139,64,2025-05,4046,-11.1
1140,64,2025-06,2991,-26.1
1141,64,2025-07,3917,31.0
1142,64,2025-08,3965,1.2
1143,64,2025-09,4551,14.8
1144,64,2025-10,3341,-26.6
1145,64,2025-11,3480,4.2
1146,64,2025-12,4006,15.1
1147,64,2026-01,3285,-18.0
1148,64,2026-02,3309,0.7
1149,64,2026-03,5500,66.2
1150,64,2026-04,3961,-28.0
1151,64,2026-05,3966,0.1
1152,64,2026-06,4494,13.3
1153,65,2025-01,1560,0.0
1154,65,2025-02,1307,-16.2
1155,65,2025-03,2576,97.1
1156,65,2025-04,2513,-2.4
1157,65,2025-05,2661,5.9
1158,65,2025-06,2001,-24.8
1159,65,2025-07,2150,7.4
1160,65,2025-08,2356,9.6
1161,65,2025-09,2605,10.6
1162,65,2025-10,1881,-27.8
1163,65,2025-11,2372,26.1
1164,65,2025-12,2145,-9.6
1165,65,2026-01,1850,-13.8
1166,65,2026-02,1403,-24.2
1167,65,2026-03,3247,131.4
1168,65,2026-04,2166,-33.3
1169,65,2026-05,2618,20.9
1170,65,2026-06,1765,-32.6
1171,66,2025-01,1405,0.0
1172,66,2025-02,1055,-24.9
1173,66,2025-03,2423,129.7
1174,66,2025-04,1828,-24.6
1175,66,2025-05,1974,8.0
1176,66,2025-06,1843,-6.6
1177,66,2025-07,1919,4.1
1178,66,2025-08,2034,6.0
1179,66,2025-09,2882,41.7
1180,66,2025-10,2070,-28.2
1181,66,2025-11,2275,9.9
1182,66,2025-12,1959,-13.9
1183,66,2026-01,1590,-18.8
1184,66,2026-02,1529,-3.8
1185,66,2026-03,2164,41.5
1186,66,2026-04,1556,-28.1
1187,66,2026-05,2044,31.4
1188,66,2026-06,1751,-14.3
1189,67,2025-01,591,0.0
1190,67,2025-02,521,-11.8
1191,67,2025-03,1019,95.6
1192,67,2025-04,1119,9.8
1193,67,2025-05,1035,-7.5
1194,67,2025-06,990,-4.3
1195,67,2025-07,1172,18.4
1196,67,2025-08,876,-25.3
1197,67,2025-09,839,-4.2
1198,67,2025-10,1379,64.4
1199,67,2025-11,1003,-27.3
1200,67,2025-12,1016,1.3
1201,67,2026-01,544,-46.5
1202,67,2026-02,500,-8.1
1203,67,2026-03,1296,159.2
1204,67,2026-04,1031,-20.4
1205,67,2026-05,743,-27.9
1206,67,2026-06,846,13.9
1207,68,2025-01,237,0.0
1208,68,2025-02,208,-12.2
1209,68,2025-03,372,78.8
1210,68,2025-04,426,14.5
1211,68,2025-05,341,-20.0
1212,68,2025-06,352,3.2
1213,68,2025-07,354,0.6
1214,68,2025-08,354,0.0
1215,68,2025-09,335,-5.4
1216,68,2025-10,298,-11.0
1217,68,2025-11,295,-1.0
1218,68,2025-12,351,19.0
1219,68,2026-01,231,-34.2
1220,68,2026-02,207,-10.4
1221,68,2026-03,398,92.3
1222,68,2026-04,370,-7.0
1223,68,2026-05,373,0.8
1224,68,2026-06,318,-14.7
1225,69,2025-01,1402,0.0
1226,69,2025-02,856,-38.9
1227,69,2025-03,2766,223.1
1228,69,2025-04,1993,-27.9
1229,69,2025-05,1869,-6.2
1230,69,2025-06,2207,18.1
1231,69,2025-07,2342,6.1
1232,69,2025-08,2403,2.6
1233,69,2025-09,3073,27.9
1234,69,2025-10,2217,-27.9
1235,69,2025-11,2178,-1.8
1236,69,2025-12,2197,0.9
1237,69,2026-01,1929,-12.2
1238,69,2026-02,1515,-21.5
1239,69,2026-03,2672,76.4
1240,69,2026-04,2658,-0.5
1241,69,2026-05,2409,-9.4
1242,69,2026-06,2164,-10.2
1243,70,2025-01,767,0.0
1244,70,2025-02,688,-10.3
1245,70,2025-03,1230,78.8
1246,70,2025-04,933,-24.1
1247,70,2025-05,1094,17.3
1248,70,2025-06,967,-11.6
1249,70,2025-07,910,-5.9
1250,70,2025-08,1008,10.8
1251,70,2025-09,1337,32.6
1252,70,2025-10,1280,-4.3
1253,70,2025-11,1195,-6.6
1254,70,2025-12,1146,-4.1
1255,70,2026-01,842,-26.5
1256,70,2026-02,655,-22.2
1257,70,2026-03,1466,123.8
1258,70,2026-04,1265,-13.7
1259,70,2026-05,1231,-2.7
1260,70,2026-06,1287,4.5
1261,71,2025-01,93,0.0
1262,71,2025-02,67,-28.0
1263,71,2025-03,165,146.3
1264,71,2025-04,160,-3.0
1265,71,2025-05,140,-12.5
1266,71,2025-06,138,-1.4
1267,71,2025-07,111,-19.6
1268,71,2025-08,133,19.8
1269,71,2025-09,195,46.6
1270,71,2025-10,186,-4.6
1271,71,2025-11,135,-27.4
1272,71,2025-12,163,20.7
1273,71,2026-01,97,-40.5
1274,71,2026-02,78,-19.6
1275,71,2026-03,185,137.2
1276,71,2026-04,165,-10.8
1277,71,2026-05,161,-2.4
1278,71,2026-06,159,-1.2
1279,72,2025-01,30,0.0
1280,72,2025-02,24,-20.0
1281,72,2025-03,41,70.8
1282,72,2025-04,42,2.4
1283,72,2025-05,30,-28.6
1284,72,2025-06,35,16.7
1285,72,2025-07,41,17.1
1286,72,2025-08,41,0.0
1287,72,2025-09,52,26.8
1288,72,2025-10,54,3.8
1289,72,2025-11,35,-35.2
1290,72,2025-12,44,25.7
1291,72,2026-01,27,-38.6
1292,72,2026-02,27,0.0
1293,72,2026-03,48,77.8
1294,72,2026-04,45,-6.2
1295,72,2026-05,47,4.4
1296,72,2026-06,41,-12.8
1297,73,2025-01,82,0.0
1298,73,2025-02,69,-15.9
1299,73,2025-03,133,92.8
1300,73,2025-04,143,7.5
1301,73,2025-05,140,-2.1
1302,73,2025-06,112,-20.0
1303,73,2025-07,95,-15.2
1304,73,2025-08,119,25.3
1305,73,2025-09,168,41.2
1306,73,2025-10,131,-22.0
1307,73,2025-11,99,-24.4
1308,73,2025-12,129,30.3
1309,73,2026-01,69,-46.5
1310,73,2026-02,82,18.8
1311,73,2026-03,151,84.1
1312,73,2026-04,141,-6.6
1313,73,2026-05,154,9.2
1314,73,2026-06,113,-26.6
1315,74,2025-01,179,0.0
1316,74,2025-02,207,15.6
1317,74,2025-03,440,112.6
1318,74,2025-04,303,-31.1
1319,74,2025-05,334,10.2
1320,74,2025-06,319,-4.5
1321,74,2025-07,352,10.3
1322,74,2025-08,342,-2.8
1323,74,2025-09,606,77.2
1324,74,2025-10,412,-32.0
1325,74,2025-11,381,-7.5
1326,74,2025-12,369,-3.1
1327,74,2026-01,181,-50.9
1328,74,2026-02,266,47.0
1329,74,2026-03,285,7.1
1330,74,2026-04,468,64.2
1331,74,2026-05,323,-31.0
1332,74,2026-06,306,-5.3
1333,75,2025-01,207,0.0
1334,75,2025-02,228,10.1
1335,75,2025-03,376,64.9
1336,75,2025-04,311,-17.3
1337,75,2025-05,276,-11.3
1338,75,2025-06,312,13.0
1339,75,2025-07,292,-6.4
1340,75,2025-08,349,19.5
1341,75,2025-09,305,-12.6
1342,75,2025-10,393,28.9
1343,75,2025-11,337,-14.2
1344,75,2025-12,285,-15.4
1345,75,2026-01,202,-29.1
1346,75,2026-02,195,-3.5
1347,75,2026-03,375,92.3
1348,75,2026-04,362,-3.5
1349,75,2026-05,276,-23.8
1350,75,2026-06,284,2.9
1351,76,2025-01,1053,0.0
1352,76,2025-02,647,-38.6
1353,76,2025-03,1366,111.1
1354,76,2025-04,1233,-9.7
1355,76,2025-05,1159,-6.0
1356,76,2025-06,1305,12.6
1357,76,2025-07,1117,-14.4
1358,76,2025-08,1389,24.4
1359,76,2025-09,1399,0.7
1360,76,2025-10,1573,12.4
1361,76,2025-11,1227,-22.0
1362,76,2025-12,1292,5.3
1363,76,2026-01,831,-35.7
1364,76,2026-02,767,-7.7
1365,76,2026-03,1233,60.8
1366,76,2026-04,1113,-9.7
1367,76,2026-05,1493,34.1
1368,76,2026-06,1209,-19.0
1369,77,2025-01,1205,0.0
1370,77,2025-02,1163,-3.5
1371,77,2025-03,2144,84.4
1372,77,2025-04,1379,-35.7
1373,77,2025-05,1834,33.0
1374,77,2025-06,1684,-8.2
1375,77,2025-07,1875,11.3
1376,77,2025-08,1714,-8.6
1377,77,2025-09,2278,32.9
1378,77,2025-10,2456,7.8
1379,77,2025-11,1855,-24.5
1380,77,2025-12,1878,1.2
1381,77,2026-01,1315,-30.0
1382,77,2026-02,1028,-21.8
1383,77,2026-03,2436,137.0
1384,77,2026-04,1850,-24.1
1385,77,2026-05,1878,1.5
1386,77,2026-06,1565,-16.7
1387,78,2025-01,821,0.0
1388,78,2025-02,899,9.5
1389,78,2025-03,1708,90.0
1390,78,2025-04,1559,-8.7
1391,78,2025-05,1501,-3.7
1392,78,2025-06,1079,-28.1
1393,78,2025-07,1399,29.7
1394,78,2025-08,1100,-21.4
1395,78,2025-09,1905,73.2
1396,78,2025-10,1440,-24.4
1397,78,2025-11,1530,6.2
1398,78,2025-12,1650,7.8
1399,78,2026-01,903,-45.3
1400,78,2026-02,825,-8.6
1401,78,2026-03,1898,130.1
1402,78,2026-04,1161,-38.8
1403,78,2026-05,1486,28.0
1404,78,2026-06,1329,-10.6
1405,79,2025-01,537,0.0
1406,79,2025-02,331,-38.4
1407,79,2025-03,828,150.2
1408,79,2025-04,820,-1.0
1409,79,2025-05,802,-2.2
1410,79,2025-06,594,-25.9
1411,79,2025-07,666,12.1
1412,79,2025-08,884,32.7
1413,79,2025-09,744,-15.8
1414,79,2025-10,823,10.6
1415,79,2025-11,739,-10.2
1416,79,2025-12,774,4.7
1417,79,2026-01,428,-44.7
1418,79,2026-02,461,7.7
1419,79,2026-03,916,98.7
1420,79,2026-04,882,-3.7
1421,79,2026-05,624,-29.3
1422,79,2026-06,617,-1.1
1423,80,2025-01,950,0.0
1424,80,2025-02,876,-7.8
1425,80,2025-03,1438,64.2
1426,80,2025-04,1028,-28.5
1427,80,2025-05,1168,13.6
1428,80,2025-06,1271,8.8
1429,80,2025-07,1297,2.0
1430,80,2025-08,1428,10.1
1431,80,2025-09,1920,34.5
1432,80,2025-10,1365,-28.9
1433,80,2025-11,1123,-17.7
1434,80,2025-12,1129,0.5
1435,80,2026-01,827,-26.7
1436,80,2026-02,808,-2.3
1437,80,2026-03,1738,115.1
1438,80,2026-04,1293,-25.6
1439,80,2026-05,1202,-7.0
1440,80,2026-06,1121,-6.7
1441,81,2025-01,963,0.0
1442,81,2025-02,654,-32.1
1443,81,2025-03,1421,117.3
1444,81,2025-04,1248,-12.2
1445,81,2025-05,1196,-4.2
1446,81,2025-06,1387,16.0
1447,81,2025-07,1071,-22.8
1448,81,2025-08,1631,52.3
1449,81,2025-09,1437,-11.9
1450,81,2025-10,1298,-9.7
1451,81,2025-11,1160,-10.6
1452,81,2025-12,1422,22.6
1453,81,2026-01,838,-41.1
1454,81,2026-02,816,-2.6
1455,81,2026-03,1297,58.9
1456,81,2026-04,1007,-22.4
1457,81,2026-05,1146,13.8
1458,81,2026-06,1178,2.8
1459,82,2025-01,691,0.0
1460,82,2025-02,710,2.7
1461,82,2025-03,1532,115.8
1462,82,2025-04,1138,-25.7
1463,82,2025-05,1081,-5.0
1464,82,2025-06,990,-8.4
1465,82,2025-07,1179,19.1
1466,82,2025-08,1328,12.6
1467,82,2025-09,2074,56.2
1468,82,2025-10,1641,-20.9
1469,82,2025-11,1069,-34.9
1470,82,2025-12,1076,0.7
1471,82,2026-01,828,-23.0
1472,82,2026-02,855,3.3
1473,82,2026-03,1553,81.6
1474,82,2026-04,1180,-24.0
1475,82,2026-05,1344,13.9
1476,82,2026-06,1328,-1.2
1477,83,2025-01,1135,0.0
1478,83,2025-02,722,-36.4
1479,83,2025-03,1742,141.3
1480,83,2025-04,1226,-29.6
1481,83,2025-05,1246,1.6
1482,83,2025-06,1109,-11.0
1483,83,2025-07,1336,20.5
1484,83,2025-08,1199,-10.3
1485,83,2025-09,1960,63.5
1486,83,2025-10,1653,-15.7
1487,83,2025-11,1298,-21.5
1488,83,2025-12,1606,23.7
1489,83,2026-01,1143,-28.8
1490,83,2026-02,862,-24.6
1491,83,2026-03,1540,78.7
1492,83,2026-04,1399,-9.2
1493,83,2026-05,1362,-2.6
1494,83,2026-06,1200,-11.9
1495,84,2025-01,767,0.0
1496,84,2025-02,790,3.0
1497,84,2025-03,1902,140.8
1498,84,2025-04,1305,-31.4
1499,84,2025-05,1060,-18.8
1500,84,2025-06,1297,22.4
1501,84,2025-07,1562,20.4
1502,84,2025-08,1149,-26.4
1503,84,2025-09,1834,59.6
1504,84,2025-10,1737,-5.3
1505,84,2025-11,1542,-11.2
1506,84,2025-12,1619,5.0
1507,84,2026-01,1036,-36.0
1508,84,2026-02,670,-35.3
1509,84,2026-03,1778,165.4
1510,84,2026-04,1688,-5.1
1511,84,2026-05,1343,-20.4
1512,84,2026-06,1369,1.9
1513,85,2025-01,331,0.0
1514,85,2025-02,374,13.0
1515,85,2025-03,599,60.2
1516,85,2025-04,679,13.4
1517,85,2025-05,515,-24.2
1518,85,2025-06,554,7.6
1519,85,2025-07,505,-8.8
1520,85,2025-08,694,37.4
1521,85,2025-09,535,-22.9
1522,85,2025-10,676,26.4
1523,85,2025-11,425,-37.1
1524,85,2025-12,508,19.5
1525,85,2026-01,463,-8.9
1526,85,2026-02,359,-22.5
1527,85,2026-03,491,36.8
1528,85,2026-04,566,15.3
1529,85,2026-05,499,-11.8
1530,85,2026-06,548,9.8
1531,86,2025-01,1539,0.0
1532,86,2025-02,1164,-24.4
1533,86,2025-03,2272,95.2
1534,86,2025-04,2005,-11.8
1535,86,2025-05,1564,-22.0
1536,86,2025-06,1853,18.5
1537,86,2025-07,1998,7.8
1538,86,2025-08,1751,-12.4
1539,86,2025-09,2159,23.3
1540,86,2025-10,2535,17.4
1541,86,2025-11,1937,-23.6
1542,86,2025-12,1709,-11.8
1543,86,2026-01,1195,-30.1
1544,86,2026-02,1020,-14.6
1545,86,2026-03,2143,110.1
1546,86,2026-04,1873,-12.6
1547,86,2026-05,1746,-6.8
1548,86,2026-06,2053,17.6
1549,87,2025-01,923,0.0
1550,87,2025-02,848,-8.1
1551,87,2025-03,1147,35.3
1552,87,2025-04,1276,11.2
1553,87,2025-05,1369,7.3
1554,87,2025-06,1239,-9.5
1555,87,2025-07,1102,-11.1
1556,87,2025-08,1145,3.9
1557,87,2025-09,1739,51.9
1558,87,2025-10,1403,-19.3
1559,87,2025-11,1358,-3.2
1560,87,2025-12,1344,-1.0
1561,87,2026-01,828,-38.4
1562,87,2026-02,730,-11.8
1563,87,2026-03,1296,77.5
1564,87,2026-04,1517,17.1
1565,87,2026-05,1278,-15.8
1566,87,2026-06,1331,4.1
1567,88,2025-01,904,0.0
1568,88,2025-02,774,-14.4
1569,88,2025-03,1592,105.7
1570,88,2025-04,1299,-18.4
1571,88,2025-05,1492,14.9
1572,88,2025-06,1423,-4.6
1573,88,2025-07,1295,-9.0
1574,88,2025-08,1393,7.6
1575,88,2025-09,1875,34.6
1576,88,2025-10,1506,-19.7
1577,88,2025-11,1377,-8.6
1578,88,2025-12,1802,30.9
1579,88,2026-01,879,-51.2
1580,88,2026-02,776,-11.7
1581,88,2026-03,2153,177.4
1582,88,2026-04,1079,-49.9
1583,88,2026-05,1183,9.6
1584,88,2026-06,1593,34.7
1585,89,2025-01,918,0.0
1586,89,2025-02,877,-4.5
1587,89,2025-03,2077,136.8
1588,89,2025-04,1324,-36.3
1589,89,2025-05,1282,-3.2
1590,89,2025-06,1375,7.3
1591,89,2025-07,1367,-0.6
1592,89,2025-08,1357,-0.7
1593,89,2025-09,1765,30.1
1594,89,2025-10,1392,-21.1
1595,89,2025-11,1529,9.8
1596,89,2025-12,1670,9.2
1597,89,2026-01,947,-43.3
1598,89,2026-02,805,-15.0
1599,89,2026-03,1765,119.3
1600,89,2026-04,1355,-23.2
1601,89,2026-05,1328,-2.0
1602,89,2026-06,1300,-2.1
1603,90,2025-01,854,0.0
1604,90,2025-02,620,-27.4
1605,90,2025-03,1235,99.2
1606,90,2025-04,1077,-12.8
1607,90,2025-05,1001,-7.1
1608,90,2025-06,883,-11.8
1609,90,2025-07,938,6.2
1610,90,2025-08,1225,30.6
1611,90,2025-09,1284,4.8
1612,90,2025-10,1290,0.5
1613,90,2025-11,1055,-18.2
1614,90,2025-12,988,-6.4
1615,90,2026-01,754,-23.7
1616,90,2026-02,801,6.2
1617,90,2026-03,1308,63.3
1618,90,2026-04,1109,-15.2
1619,90,2026-05,1093,-1.4
1620,90,2026-06,1053,-3.7
1621,91,2025-01,1294,0.0
1622,91,2025-02,1026,-20.7
1623,91,2025-03,2134,108.0
1624,91,2025-04,1778,-16.7
1625,91,2025-05,1877,5.6
1626,91,2025-06,1773,-5.5
1627,91,2025-07,1845,4.1
1628,91,2025-08,2033,10.2
1629,91,2025-09,2312,13.7
1630,91,2025-10,2474,7.0
1631,91,2025-11,1995,-19.4
1632,91,2025-12,2333,16.9
1633,91,2026-01,1247,-46.5
1634,91,2026-02,1115,-10.6
1635,91,2026-03,1983,77.8
1636,91,2026-04,1893,-4.5
1637,91,2026-05,1976,4.4
1638,91,2026-06,1634,-17.3
1639,92,2025-01,990,0.0
1640,92,2025-02,722,-27.1
1641,92,2025-03,1713,137.3
1642,92,2025-04,1101,-35.7
1643,92,2025-05,1160,5.4
1644,92,2025-06,1072,-7.6
1645,92,2025-07,1345,25.5
1646,92,2025-08,1357,0.9
1647,92,2025-09,1545,13.9
1648,92,2025-10,1361,-11.9
1649,92,2025-11,1255,-7.8
1650,92,2025-12,1434,14.3
1651,92,2026-01,924,-35.6
1652,92,2026-02,714,-22.7
1653,92,2026-03,1362,90.8
1654,92,2026-04,1275,-6.4
1655,92,2026-05,1218,-4.5
1656,92,2026-06,1174,-3.6
1657,93,2025-01,913,0.0
1658,93,2025-02,1000,9.5
1659,93,2025-03,1531,53.1
1660,93,2025-04,1711,11.8
1661,93,2025-05,1610,-5.9
1662,93,2025-06,1459,-9.4
1663,93,2025-07,1690,15.8
1664,93,2025-08,1545,-8.6
1665,93,2025-09,1725,11.7
1666,93,2025-10,1552,-10.0
1667,93,2025-11,1332,-14.2
1668,93,2025-12,1670,25.4
1669,93,2026-01,794,-52.5
1670,93,2026-02,686,-13.6
1671,93,2026-03,1960,185.7
1672,93,2026-04,1625,-17.1
1673,93,2026-05,1448,-10.9
1674,93,2026-06,1456,0.6
1675,94,2025-01,1055,0.0
1676,94,2025-02,809,-23.3
1677,94,2025-03,1364,68.6
1678,94,2025-04,1672,22.6
1679,94,2025-05,1453,-13.1
1680,94,2025-06,1094,-24.7
1681,94,2025-07,1403,28.2
1682,94,2025-08,1367,-2.6
1683,94,2025-09,1769,29.4
1684,94,2025-10,1590,-10.1
1685,94,2025-11,1544,-2.9
1686,94,2025-12,1480,-4.1
1687,94,2026-01,832,-43.8
1688,94,2026-02,894,7.5
1689,94,2026-03,1752,96.0
1690,94,2026-04,1201,-31.4
1691,94,2026-05,1447,20.5
1692,94,2026-06,1450,0.2
1693,95,2025-01,948,0.0
1694,95,2025-02,846,-10.8
1695,95,2025-03,1504,77.8
1696,95,2025-04,1144,-23.9
1697,95,2025-05,1466,28.1
1698,95,2025-06,1297,-11.5
1699,95,2025-07,1451,11.9
1700,95,2025-08,1408,-3.0
1701,95,2025-09,1737,23.4
1702,95,2025-10,1688,-2.8
1703,95,2025-11,1437,-14.9
1704,95,2025-12,1675,16.6
1705,95,2026-01,916,-45.3
1706,95,2026-02,684,-25.3
1707,95,2026-03,1684,146.2
1708,95,2026-04,1222,-27.4
1709,95,2026-05,960,-21.4
1710,95,2026-06,1138,18.5
1711,96,2025-01,397,0.0
1712,96,2025-02,325,-18.1
1713,96,2025-03,587,80.6
1714,96,2025-04,613,4.4
1715,96,2025-05,687,12.1
1716,96,2025-06,626,-8.9
1717,96,2025-07,600,-4.2
1718,96,2025-08,699,16.5
1719,96,2025-09,738,5.6
1720,96,2025-10,643,-12.9
1721,96,2025-11,681,5.9
1722,96,2025-12,574,-15.7
1723,96,2026-01,436,-24.0
1724,96,2026-02,358,-17.9
1725,96,2026-03,688,92.2
1726,96,2026-04,595,-13.5
1727,96,2026-05,681,14.5
1728,96,2026-06,461,-32.3
1729,97,2025-01,433,0.0
1730,97,2025-02,347,-19.9
1731,97,2025-03,655,88.8
1732,97,2025-04,632,-3.5
1733,97,2025-05,622,-1.6
1734,97,2025-06,565,-9.2
1735,97,2025-07,617,9.2
1736,97,2025-08,736,19.3
1737,97,2025-09,723,-1.8
1738,97,2025-10,756,4.6
1739,97,2025-11,498,-34.1
1740,97,2025-12,696,39.8
1741,97,2026-01,325,-53.3
1742,97,2026-02,387,19.1
1743,97,2026-03,678,75.2
1744,97,2026-04,642,-5.3
1745,97,2026-05,495,-22.9
1746,97,2026-06,571,15.4
1747,98,2025-01,176,0.0
1748,98,2025-02,148,-15.9
1749,98,2025-03,275,85.8
1750,98,2025-04,241,-12.4
1751,98,2025-05,261,8.3
1752,98,2025-06,237,-9.2
1753,98,2025-07,212,-10.5
1754,98,2025-08,224,5.7
1755,98,2025-09,274,22.3
1756,98,2025-10,274,0.0
1757,98,2025-11,207,-24.5
1758,98,2025-12,187,-9.7
1759,98,2026-01,156,-16.6
1760,98,2026-02,142,-9.0
1761,98,2026-03,282,98.6
1762,98,2026-04,272,-3.5
1763,98,2026-05,194,-28.7
1764,98,2026-06,205,5.7
1765,99,2025-01,399,0.0
1766,99,2025-02,426,6.8
1767,99,2025-03,817,91.8
1768,99,2025-04,682,-16.5
1769,99,2025-05,693,1.6
1770,99,2025-06,599,-13.6
1771,99,2025-07,605,1.0
1772,99,2025-08,861,42.3
1773,99,2025-09,984,14.3
1774,99,2025-10,809,-17.8
1775,99,2025-11,590,-27.1
1776,99,2025-12,739,25.3
1777,99,2026-01,516,-30.2
1778,99,2026-02,422,-18.2
1779,99,2026-03,928,119.9
1780,99,2026-04,831,-10.5
1781,99,2026-05,682,-17.9
1782,99,2026-06,618,-9.4
1783,100,2025-01,683,0.0
1784,100,2025-02,593,-13.2
1785,100,2025-03,1388,134.1
1786,100,2025-04,1042,-24.9
1787,100,2025-05,837,-19.7
1788,100,2025-06,1055,26.0
1789,100,2025-07,1042,-1.2
1790,100,2025-08,1048,0.6
1791,100,2025-09,1054,0.6
1792,100,2025-10,1455,38.0
1793,100,2025-11,1213,-16.6
1794,100,2025-12,1015,-16.3
1795,100,2026-01,813,-19.9
1796,100,2026-02,597,-26.6
1797,100,2026-03,1151,92.8
1798,100,2026-04,903,-21.5
1799,100,2026-05,1260,39.5
1800,100,2026-06,1213,-3.7
1801,101,2025-01,808,0.0
1802,101,2025-02,714,-11.6
1803,101,2025-03,1743,144.1
1804,101,2025-04,1145,-34.3
1805,101,2025-05,1029,-10.1
1806,101,2025-06,1157,12.4
1807,101,2025-07,1279,10.5
1808,101,2025-08,1215,-5.0
1809,101,2025-09,1293,6.4
1810,101,2025-10,1307,1.1
1811,101,2025-11,1363,4.3
1812,101,2025-12,1433,5.1
1813,101,2026-01,671,-53.2
1814,101,2026-02,614,-8.5
1815,101,2026-03,1269,106.7
1816,101,2026-04,1256,-1.0
1817,101,2026-05,1517,20.8
1818,101,2026-06,1100,-27.5
1819,102,2025-01,846,0.0
1820,102,2025-02,651,-23.0
1821,102,2025-03,1886,189.7
1822,102,2025-04,1168,-38.1
1823,102,2025-05,1126,-3.6
1824,102,2025-06,1161,3.1
1825,102,2025-07,1009,-13.1
1826,102,2025-08,1382,37.0
1827,102,2025-09,1558,12.7
1828,102,2025-10,1294,-16.9
1829,102,2025-11,1169,-9.7
1830,102,2025-12,1019,-12.8
1831,102,2026-01,784,-23.1
1832,102,2026-02,523,-33.3
1833,102,2026-03,1362,160.4
1834,102,2026-04,1185,-13.0
1835,102,2026-05,1115,-5.9
1836,102,2026-06,1060,-4.9
1837,103,2025-01,868,0.0
1838,103,2025-02,950,9.4
1839,103,2025-03,1942,104.4
1840,103,2025-04,1419,-26.9
1841,103,2025-05,1569,10.6
1842,103,2025-06,1262,-19.6
1843,103,2025-07,1329,5.3
1844,103,2025-08,1304,-1.9
1845,103,2025-09,1944,49.1
1846,103,2025-10,1778,-8.5
1847,103,2025-11,1224,-31.2
1848,103,2025-12,1547,26.4
1849,103,2026-01,906,-41.4
1850,103,2026-02,738,-18.5
1851,103,2026-03,1650,123.6
1852,103,2026-04,1115,-32.4
1853,103,2026-05,1308,17.3
1854,103,2026-06,1608,22.9
1855,104,2025-01,1016,0.0
1856,104,2025-02,715,-29.6
1857,104,2025-03,1765,146.9
1858,104,2025-04,1464,-17.1
1859,104,2025-05,1326,-9.4
1860,104,2025-06,1218,-8.1
1861,104,2025-07,1380,13.3
1862,104,2025-08,1345,-2.5
1863,104,2025-09,1756,30.6
1864,104,2025-10,1802,2.6
1865,104,2025-11,1590,-11.8
1866,104,2025-12,1281,-19.4
1867,104,2026-01,911,-28.9
1868,104,2026-02,987,8.3
1869,104,2026-03,2013,104.0
1870,104,2026-04,1513,-24.8
1871,104,2026-05,1646,8.8
1872,104,2026-06,1501,-8.8
1873,105,2025-01,1430,0.0
1874,105,2025-02,949,-33.6
1875,105,2025-03,2486,162.0
1876,105,2025-04,1859,-25.2
1877,105,2025-05,2133,14.7
1878,105,2025-06,2418,13.4
1879,105,2025-07,2173,-10.1
1880,105,2025-08,2012,-7.4
1881,105,2025-09,2371,17.8
1882,105,2025-10,1951,-17.7
1883,105,2025-11,1727,-11.5
1884,105,2025-12,2812,62.8
1885,105,2026-01,1762,-37.3
1886,105,2026-02,1351,-23.3
1887,105,2026-03,2702,100.0
1888,105,2026-04,2399,-11.2
1889,105,2026-05,2302,-4.0
1890,105,2026-06,2562,11.3
1891,106,2025-01,439,0.0
1892,106,2025-02,274,-37.6
1893,106,2025-03,811,196.0
1894,106,2025-04,484,-40.3
1895,106,2025-05,570,17.8
1896,106,2025-06,475,-16.7
1897,106,2025-07,602,26.7
1898,106,2025-08,534,-11.3
1899,106,2025-09,651,21.9
1900,106,2025-10,629,-3.4
1901,106,2025-11,691,9.9
1902,106,2025-12,645,-6.7
1903,106,2026-01,453,-29.8
1904,106,2026-02,418,-7.7
1905,106,2026-03,740,77.0
1906,106,2026-04,673,-9.1
1907,106,2026-05,530,-21.2
1908,106,2026-06,564,6.4
1909,107,2025-01,120,0.0
1910,107,2025-02,127,5.8
1911,107,2025-03,266,109.4
1912,107,2025-04,234,-12.0
1913,107,2025-05,199,-15.0
1914,107,2025-06,210,5.5
1915,107,2025-07,196,-6.7
1916,107,2025-08,195,-0.5
1917,107,2025-09,275,41.0
1918,107,2025-10,260,-5.5
1919,107,2025-11,265,1.9
1920,107,2025-12,239,-9.8
1921,107,2026-01,121,-49.4
1922,107,2026-02,105,-13.2
1923,107,2026-03,202,92.4
1924,107,2026-04,211,4.5
1925,107,2026-05,173,-18.0
1926,107,2026-06,221,27.7
1927,108,2025-01,466,0.0
1928,108,2025-02,445,-4.5
1929,108,2025-03,843,89.4
1930,108,2025-04,754,-10.6
1931,108,2025-05,604,-19.9
1932,108,2025-06,652,7.9
1933,108,2025-07,654,0.3
1934,108,2025-08,715,9.3
1935,108,2025-09,910,27.3
1936,108,2025-10,895,-1.6
1937,108,2025-11,684,-23.6
1938,108,2025-12,834,21.9
1939,108,2026-01,502,-39.8
1940,108,2026-02,495,-1.4
1941,108,2026-03,498,0.6
1942,108,2026-04,668,34.1
1943,108,2026-05,794,18.9
1944,108,2026-06,457,-42.4
1945,109,2025-01,75,0.0
1946,109,2025-02,55,-26.7
1947,109,2025-03,83,50.9
1948,109,2025-04,105,26.5
1949,109,2025-05,80,-23.8
1950,109,2025-06,77,-3.7
1951,109,2025-07,108,40.3
1952,109,2025-08,92,-14.8
1953,109,2025-09,105,14.1
1954,109,2025-10,137,30.5
1955,109,2025-11,107,-21.9
1956,109,2025-12,97,-9.3
1957,109,2026-01,58,-40.2
1958,109,2026-02,53,-8.6
1959,109,2026-03,131,147.2
1960,109,2026-04,85,-35.1
1961,109,2026-05,77,-9.4
1962,109,2026-06,100,29.9
1963,110,2025-01,233,0.0
1964,110,2025-02,210,-9.9
1965,110,2025-03,443,111.0
1966,110,2025-04,349,-21.2
1967,110,2025-05,248,-28.9
1968,110,2025-06,324,30.6
1969,110,2025-07,404,24.7
1970,110,2025-08,466,15.3
1971,110,2025-09,453,-2.8
1972,110,2025-10,424,-6.4
1973,110,2025-11,434,2.4
1974,110,2025-12,420,-3.2
1975,110,2026-01,275,-34.5
1976,110,2026-02,174,-36.7
1977,110,2026-03,435,150.0
1978,110,2026-04,412,-5.3
1979,110,2026-05,314,-23.8
1980,110,2026-06,349,11.1
1981,111,2025-01,506,0.0
1982,111,2025-02,348,-31.2
1983,111,2025-03,596,71.3
1984,111,2025-04,487,-18.3
1985,111,2025-05,599,23.0
1986,111,2025-06,530,-11.5
1987,111,2025-07,537,1.3
1988,111,2025-08,647,20.5
1989,111,2025-09,806,24.6
1990,111,2025-10,735,-8.8
1991,111,2025-11,656,-10.7
1992,111,2025-12,562,-14.3
1993,111,2026-01,387,-31.1
1994,111,2026-02,345,-10.9
1995,111,2026-03,715,107.2
1996,111,2026-04,704,-1.5
1997,111,2026-05,547,-22.3
1998,111,2026-06,516,-5.7
1999,112,2025-01,164,0.0
2000,112,2025-02,122,-25.6
2001,112,2025-03,199,63.1
2002,112,2025-04,202,1.5
2003,112,2025-05,170,-15.8
2004,112,2025-06,164,-3.5
2005,112,2025-07,167,1.8
2006,112,2025-08,189,13.2
2007,112,2025-09,324,71.4
2008,112,2025-10,269,-17.0
2009,112,2025-11,244,-9.3
2010,112,2025-12,248,1.6
2011,112,2026-01,137,-44.8
2012,112,2026-02,125,-8.8
2013,112,2026-03,242,93.6
2014,112,2026-04,183,-24.4
2015,112,2026-05,172,-6.0
2016,112,2026-06,210,22.1
2017,113,2025-01,137,0.0
2018,113,2025-02,141,2.9
2019,113,2025-03,297,110.6
2020,113,2025-04,263,-11.4
2021,113,2025-05,240,-8.7
2022,113,2025-06,187,-22.1
2023,113,2025-07,244,30.5
2024,113,2025-08,237,-2.9
2025,113,2025-09,263,11.0
2026,113,2025-10,210,-20.2
2027,113,2025-11,254,21.0
2028,113,2025-12,205,-19.3
2029,113,2026-01,128,-37.6
2030,113,2026-02,166,29.7
2031,113,2026-03,236,42.2
2032,113,2026-04,229,-3.0
2033,113,2026-05,231,0.9
2034,113,2026-06,220,-4.8
2035,114,2025-01,141,0.0
2036,114,2025-02,126,-10.6
2037,114,2025-03,302,139.7
2038,114,2025-04,233,-22.8
2039,114,2025-05,229,-1.7
2040,114,2025-06,161,-29.7
2041,114,2025-07,214,32.9
2042,114,2025-08,266,24.3
2043,114,2025-09,272,2.3
2044,114,2025-10,244,-10.3
2045,114,2025-11,252,3.3
2046,114,2025-12,271,7.5
2047,114,2026-01,167,-38.4
2048,114,2026-02,128,-23.4
2049,114,2026-03,300,134.4
2050,114,2026-04,288,-4.0
2051,114,2026-05,262,-9.0
2052,114,2026-06,177,-32.4
2053,115,2025-01,853,0.0
2054,115,2025-02,456,-46.5
2055,115,2025-03,928,103.5
2056,115,2025-04,990,6.7
2057,115,2025-05,902,-8.9
2058,115,2025-06,906,0.4
2059,115,2025-07,1061,17.1
2060,115,2025-08,1073,1.1
2061,115,2025-09,1070,-0.3
2062,115,2025-10,1119,4.6
2063,115,2025-11,1092,-2.4
2064,115,2025-12,1152,5.5
2065,115,2026-01,788,-31.6
2066,115,2026-02,655,-16.9
2067,115,2026-03,1298,98.2
2068,115,2026-04,985,-24.1
2069,115,2026-05,843,-14.4
2070,115,2026-06,1003,19.0
2071,116,2025-01,397,0.0
2072,116,2025-02,413,4.0
2073,116,2025-03,644,55.9
2074,116,2025-04,601,-6.7
2075,116,2025-05,569,-5.3
2076,116,2025-06,636,11.8
2077,116,2025-07,654,2.8
2078,116,2025-08,631,-3.5
2079,116,2025-09,807,27.9
2080,116,2025-10,859,6.4
2081,116,2025-11,496,-42.3
2082,116,2025-12,719,45.0
2083,116,2026-01,474,-34.1
2084,116,2026-02,412,-13.1
2085,116,2026-03,789,91.5
2086,116,2026-04,571,-27.6
2087,116,2026-05,561,-1.8
2088,116,2026-06,615,9.6
2089,117,2025-01,130,0.0
2090,117,2025-02,117,-10.0
2091,117,2025-03,196,67.5
2092,117,2025-04,179,-8.7
2093,117,2025-05,208,16.2
2094,117,2025-06,180,-13.5
2095,117,2025-07,181,0.6
2096,117,2025-08,205,13.3
2097,117,2025-09,269,31.2
2098,117,2025-10,232,-13.8
2099,117,2025-11,214,-7.8
2100,117,2025-12,222,3.7
2101,117,2026-01,135,-39.2
2102,117,2026-02,119,-11.9
2103,117,2026-03,214,79.8
2104,117,2026-04,197,-7.9
2105,117,2026-05,155,-21.3
2106,117,2026-06,163,5.2
2107,118,2025-01,414,0.0
2108,118,2025-02,394,-4.8
2109,118,2025-03,940,138.6
2110,118,2025-04,723,-23.1
2111,118,2025-05,702,-2.9
2112,118,2025-06,581,-17.2
2113,118,2025-07,713,22.7
2114,118,2025-08,871,22.2
2115,118,2025-09,887,1.8
2116,118,2025-10,746,-15.9
2117,118,2025-11,623,-16.5
2118,118,2025-12,782,25.5
2119,118,2026-01,428,-45.3
2120,118,2026-02,449,4.9
2121,118,2026-03,727,61.9
2122,118,2026-04,580,-20.2
2123,118,2026-05,729,25.7
2124,118,2026-06,553,-24.1
2125,119,2025-01,172,0.0
2126,119,2025-02,155,-9.9
2127,119,2025-03,256,65.2
2128,119,2025-04,247,-3.5
2129,119,2025-05,268,8.5
2130,119,2025-06,206,-23.1
2131,119,2025-07,274,33.0
2132,119,2025-08,231,-15.7
2133,119,2025-09,265,14.7
2134,119,2025-10,279,5.3
2135,119,2025-11,248,-11.1
2136,119,2025-12,287,15.7
2137,119,2026-01,178,-38.0
2138,119,2026-02,144,-19.1
2139,119,2026-03,297,106.2
2140,119,2026-04,246,-17.2
2141,119,2026-05,251,2.0
2142,119,2026-06,204,-18.7
2143,120,2025-01,73,0.0
2144,120,2025-02,74,1.4
2145,120,2025-03,192,159.5
2146,120,2025-04,139,-27.6
2147,120,2025-05,111,-20.1
2148,120,2025-06,135,21.6
2149,120,2025-07,94,-30.4
2150,120,2025-08,124,31.9
2151,120,2025-09,167,34.7
2152,120,2025-10,136,-18.6
2153,120,2025-11,120,-11.8
2154,120,2025-12,133,10.8
2155,120,2026-01,86,-35.3
2156,120,2026-02,72,-16.3
2157,120,2026-03,138,91.7
2158,120,2026-04,113,-18.1
2159,120,2026-05,118,4.4
2160,120,2026-06,125,5.9
2161,121,2025-01,72,0.0
2162,121,2025-02,50,-30.6
2163,121,2025-03,94,88.0
2164,121,2025-04,115,22.3
2165,121,2025-05,79,-31.3
2166,121,2025-06,88,11.4
2167,121,2025-07,81,-8.0
2168,121,2025-08,88,8.6
2169,121,2025-09,125,42.0
2170,121,2025-10,116,-7.2
2171,121,2025-11,111,-4.3
2172,121,2025-12,109,-1.8
2173,121,2026-01,65,-40.4
2174,121,2026-02,59,-9.2
2175,121,2026-03,96,62.7
2176,121,2026-04,110,14.6
2177,121,2026-05,97,-11.8
2178,121,2026-06,92,-5.2
2179,122,2025-01,69,0.0
2180,122,2025-02,45,-34.8
2181,122,2025-03,95,111.1
2182,122,2025-04,98,3.2
2183,122,2025-05,93,-5.1
2184,122,2025-06,93,0.0
2185,122,2025-07,93,0.0
2186,122,2025-08,94,1.1
2187,122,2025-09,137,45.7
2188,122,2025-10,115,-16.1
2189,122,2025-11,105,-8.7
2190,122,2025-12,115,9.5
2191,122,2026-01,74,-35.7
2192,122,2026-02,57,-23.0
2193,122,2026-03,120,110.5
2194,122,2026-04,99,-17.5
2195,122,2026-05,103,4.0
2196,122,2026-06,111,7.8
2197,123,2025-01,48,0.0
2198,123,2025-02,43,-10.4
2199,123,2025-03,114,165.1
2200,123,2025-04,85,-25.4
2201,123,2025-05,75,-11.8
2202,123,2025-06,69,-8.0
2203,123,2025-07,88,27.5
2204,123,2025-08,89,1.1
2205,123,2025-09,129,44.9
2206,123,2025-10,94,-27.1
2207,123,2025-11,93,-1.1
2208,123,2025-12,105,12.9
2209,123,2026-01,46,-56.2
2210,123,2026-02,41,-10.9
2211,123,2026-03,99,141.5
2212,123,2026-04,78,-21.2
2213,123,2026-05,75,-3.8
2214,123,2026-06,69,-8.0
2215,124,2025-01,41,0.0
2216,124,2025-02,32,-22.0
2217,124,2025-03,60,87.5
2218,124,2025-04,65,8.3
2219,124,2025-05,60,-7.7
2220,124,2025-06,63,5.0
2221,124,2025-07,63,0.0
2222,124,2025-08,66,4.8
2223,124,2025-09,85,28.8
2224,124,2025-10,64,-24.7
2225,124,2025-11,59,-7.8
2226,124,2025-12,68,15.3
2227,124,2026-01,46,-32.4
2228,124,2026-02,38,-17.4
2229,124,2026-03,70,84.2
2230,124,2026-04,61,-12.9
2231,124,2026-05,61,0.0
2232,124,2026-06,49,-19.7
2233,125,2025-01,92,0.0
2234,125,2025-02,79,-14.1
2235,125,2025-03,161,103.8
2236,125,2025-04,142,-11.8
2237,125,2025-05,136,-4.2
2238,125,2025-06,89,-34.6
2239,125,2025-07,125,40.4
2240,125,2025-08,106,-15.2
2241,125,2025-09,141,33.0
2242,125,2025-10,145,2.8
2243,125,2025-11,148,2.1
2244,125,2025-12,141,-4.7
2245,125,2026-01,95,-32.6
2246,125,2026-02,96,1.1
2247,125,2026-03,164,70.8
2248,125,2026-04,124,-24.4
2249,125,2026-05,111,-10.5
2250,125,2026-06,113,1.8
2251,126,2025-01,1280,0.0
2252,126,2025-02,885,-30.9
2253,126,2025-03,2292,159.0
2254,126,2025-04,1981,-13.6
2255,126,2025-05,1667,-15.9
2256,126,2025-06,1760,5.6
2257,126,2025-07,1948,10.7
2258,126,2025-08,1785,-8.4
2259,126,2025-09,2609,46.2
2260,126,2025-10,2029,-22.2
2261,126,2025-11,2085,2.8
2262,126,2025-12,2403,15.3
2263,126,2026-01,1443,-40.0
2264,126,2026-02,1011,-29.9
2265,126,2026-03,2419,139.3
2266,126,2026-04,2120,-12.4
2267,126,2026-05,1797,-15.2
2268,126,2026-06,1620,-9.8
2269,127,2025-01,693,0.0
2270,127,2025-02,689,-0.6
2271,127,2025-03,1375,99.6
2272,127,2025-04,1257,-8.6
2273,127,2025-05,1043,-17.0
2274,127,2025-06,1235,18.4
2275,127,2025-07,947,-23.3
2276,127,2025-08,1169,23.4
2277,127,2025-09,1339,14.5
2278,127,2025-10,1504,12.3
2279,127,2025-11,1124,-25.3
2280,127,2025-12,1030,-8.4
2281,127,2026-01,822,-20.2
2282,127,2026-02,594,-27.7
2283,127,2026-03,1232,107.4
2284,127,2026-04,1341,8.8
2285,127,2026-05,1150,-14.2
2286,127,2026-06,1210,5.2
2287,128,2025-01,75,0.0
2288,128,2025-02,83,10.7
2289,128,2025-03,142,71.1
2290,128,2025-04,97,-31.7
2291,128,2025-05,108,11.3
2292,128,2025-06,96,-11.1
2293,128,2025-07,100,4.2
2294,128,2025-08,136,36.0
2295,128,2025-09,166,22.1
2296,128,2025-10,158,-4.8
2297,128,2025-11,118,-25.3
2298,128,2025-12,145,22.9
2299,128,2026-01,76,-47.6
2300,128,2026-02,74,-2.6
2301,128,2026-03,156,110.8
2302,128,2026-04,130,-16.7
2303,128,2026-05,135,3.8
2304,128,2026-06,126,-6.7
2305,129,2025-01,102,0.0
2306,129,2025-02,86,-15.7
2307,129,2025-03,186,116.3
2308,129,2025-04,138,-25.8
2309,129,2025-05,150,8.7
2310,129,2025-06,137,-8.7
2311,129,2025-07,144,5.1
2312,129,2025-08,150,4.2
2313,129,2025-09,136,-9.3
2314,129,2025-10,209,53.7
2315,129,2025-11,132,-36.8
2316,129,2025-12,141,6.8
2317,129,2026-01,102,-27.7
2318,129,2026-02,77,-24.5
2319,129,2026-03,221,187.0
2320,129,2026-04,149,-32.6
2321,129,2026-05,141,-5.4
2322,129,2026-06,131,-7.1
2323,130,2025-01,110,0.0
2324,130,2025-02,105,-4.5
2325,130,2025-03,187,78.1
2326,130,2025-04,144,-23.0
2327,130,2025-05,176,22.2
2328,130,2025-06,149,-15.3
2329,130,2025-07,139,-6.7
2330,130,2025-08,159,14.4
2331,130,2025-09,203,27.7
2332,130,2025-10,190,-6.4
2333,130,2025-11,162,-14.7
2334,130,2025-12,170,4.9
2335,130,2026-01,141,-17.1
2336,130,2026-02,133,-5.7
2337,130,2026-03,203,52.6
2338,130,2026-04,155,-23.6
2339,130,2026-05,146,-5.8
2340,130,2026-06,174,19.2
2341,131,2025-01,676,0.0
2342,131,2025-02,704,4.1
2343,131,2025-03,1508,114.2
2344,131,2025-04,1287,-14.7
2345,131,2025-05,1141,-11.3
2346,131,2025-06,1391,21.9
2347,131,2025-07,1314,-5.5
2348,131,2025-08,1188,-9.6
2349,131,2025-09,1706,43.6
2350,131,2025-10,1408,-17.5
2351,131,2025-11,1181,-16.1
2352,131,2025-12,1255,6.3
2353,131,2026-01,959,-23.6
2354,131,2026-02,671,-30.0
2355,131,2026-03,1427,112.7
2356,131,2026-04,1414,-0.9
2357,131,2026-05,1243,-12.1
2358,131,2026-06,1172,-5.7
2359,132,2025-01,1159,0.0
2360,132,2025-02,1382,19.2
2361,132,2025-03,2372,71.6
2362,132,2025-04,1352,-43.0
2363,132,2025-05,2081,53.9
2364,132,2025-06,1446,-30.5
2365,132,2025-07,1503,3.9
2366,132,2025-08,1731,15.2
2367,132,2025-09,2693,55.6
2368,132,2025-10,2089,-22.4
2369,132,2025-11,1937,-7.3
2370,132,2025-12,1583,-18.3
2371,132,2026-01,1422,-10.2
2372,132,2026-02,1045,-26.5
2373,132,2026-03,1825,74.6
2374,132,2026-04,1963,7.6
2375,132,2026-05,1905,-3.0
2376,132,2026-06,1727,-9.3
2377,133,2025-01,1115,0.0
2378,133,2025-02,885,-20.6
2379,133,2025-03,1954,120.8
2380,133,2025-04,1439,-26.4
2381,133,2025-05,1398,-2.8
2382,133,2025-06,1446,3.4
2383,133,2025-07,1571,8.6
2384,133,2025-08,1391,-11.5
2385,133,2025-09,2199,58.1
2386,133,2025-10,1678,-23.7
2387,133,2025-11,1449,-13.6
2388,133,2025-12,1598,10.3
2389,133,2026-01,866,-45.8
2390,133,2026-02,664,-23.3
2391,133,2026-03,2064,210.8
2392,133,2026-04,1634,-20.8
2393,133,2026-05,1226,-25.0
2394,133,2026-06,1332,8.6
2395,134,2025-01,519,0.0
2396,134,2025-02,389,-25.0
2397,134,2025-03,970,149.4
2398,134,2025-04,681,-29.8
2399,134,2025-05,772,13.4
2400,134,2025-06,605,-21.6
2401,134,2025-07,731,20.8
2402,134,2025-08,859,17.5
2403,134,2025-09,948,10.4
2404,134,2025-10,779,-17.8
2405,134,2025-11,743,-4.6
2406,134,2025-12,825,11.0
2407,134,2026-01,458,-44.5
2408,134,2026-02,394,-14.0
2409,134,2026-03,1003,154.6
2410,134,2026-04,845,-15.8
2411,134,2026-05,635,-24.9
2412,134,2026-06,551,-13.2
2413,135,2025-01,35,0.0
2414,135,2025-02,31,-11.4
2415,135,2025-03,69,122.6
2416,135,2025-04,62,-10.1
2417,135,2025-05,50,-19.4
2418,135,2025-06,58,16.0
2419,135,2025-07,39,-32.8
2420,135,2025-08,64,64.1
2421,135,2025-09,93,45.3
2422,135,2025-10,61,-34.4
2423,135,2025-11,41,-32.8
2424,135,2025-12,67,63.4
2425,135,2026-01,45,-32.8
2426,135,2026-02,34,-24.4
2427,135,2026-03,73,114.7
2428,135,2026-04,72,-1.4
2429,135,2026-05,72,0.0
2430,135,2026-06,61,-15.3
2431,136,2025-01,715,0.0
2432,136,2025-02,734,2.7
2433,136,2025-03,1267,72.6
2434,136,2025-04,1257,-0.8
2435,136,2025-05,1165,-7.3
2436,136,2025-06,1061,-8.9
2437,136,2025-07,1420,33.8
2438,136,2025-08,1225,-13.7
2439,136,2025-09,1282,4.7
2440,136,2025-10,1505,17.4
2441,136,2025-11,1363,-9.4
2442,136,2025-12,1328,-2.6
2443,136,2026-01,761,-42.7
2444,136,2026-02,682,-10.4
2445,136,2026-03,1338,96.2
2446,136,2026-04,1183,-11.6
2447,136,2026-05,1098,-7.2
2448,136,2026-06,1109,1.0
2449,137,2025-01,703,0.0
2450,137,2025-02,741,5.4
2451,137,2025-03,1304,76.0
2452,137,2025-04,1392,6.7
2453,137,2025-05,1254,-9.9
2454,137,2025-06,1345,7.3
2455,137,2025-07,1003,-25.4
2456,137,2025-08,1473,46.9
2457,137,2025-09,1538,4.4
2458,137,2025-10,1546,0.5
2459,137,2025-11,1394,-9.8
2460,137,2025-12,1472,5.6
2461,137,2026-01,846,-42.5
2462,137,2026-02,759,-10.3
2463,137,2026-03,1424,87.6
2464,137,2026-04,1370,-3.8
2465,137,2026-05,1071,-21.8
2466,137,2026-06,1195,11.6
2467,138,2025-01,1144,0.0
2468,138,2025-02,1027,-10.2
2469,138,2025-03,1868,81.9
2470,138,2025-04,1703,-8.8
2471,138,2025-05,1466,-13.9
2472,138,2025-06,1476,0.7
2473,138,2025-07,1702,15.3
2474,138,2025-08,1439,-15.5
2475,138,2025-09,1452,0.9
2476,138,2025-10,1622,11.7
2477,138,2025-11,1481,-8.7
2478,138,2025-12,1367,-7.7
2479,138,2026-01,827,-39.5
2480,138,2026-02,779,-5.8
2481,138,2026-03,1411,81.1
2482,138,2026-04,1607,13.9
2483,138,2026-05,1662,3.4
2484,138,2026-06,1417,-14.7
2485,139,2025-01,349,0.0
2486,139,2025-02,368,5.4
2487,139,2025-03,645,75.3
2488,139,2025-04,651,0.9
2489,139,2025-05,540,-17.1
2490,139,2025-06,637,18.0
2491,139,2025-07,650,2.0
2492,139,2025-08,605,-6.9
2493,139,2025-09,827,36.7
2494,139,2025-10,725,-12.3
2495,139,2025-11,760,4.8
2496,139,2025-12,509,-33.0
2497,139,2026-01,440,-13.6
2498,139,2026-02,413,-6.1
2499,139,2026-03,688,66.6
2500,139,2026-04,592,-14.0
2501,139,2026-05,612,3.4
2502,139,2026-06,507,-17.2
2503,140,2025-01,903,0.0
2504,140,2025-02,726,-19.6
2505,140,2025-03,1620,123.1
2506,140,2025-04,1085,-33.0
2507,140,2025-05,1280,18.0
2508,140,2025-06,1398,9.2
2509,140,2025-07,1317,-5.8
2510,140,2025-08,1377,4.6
2511,140,2025-09,1987,44.3
2512,140,2025-10,1969,-0.9
2513,140,2025-11,1320,-33.0
2514,140,2025-12,1737,31.6
2515,140,2026-01,763,-56.1
2516,140,2026-02,743,-2.6
2517,140,2026-03,1762,137.1
2518,140,2026-04,1493,-15.3
2519,140,2026-05,1399,-6.3
2520,140,2026-06,1447,3.4
2521,141,2025-01,819,0.0
2522,141,2025-02,785,-4.2
2523,141,2025-03,1355,72.6
2524,141,2025-04,1165,-14.0
2525,141,2025-05,930,-20.2
2526,141,2025-06,1232,32.5
2527,141,2025-07,1075,-12.7
2528,141,2025-08,1412,31.3
2529,141,2025-09,1749,23.9
2530,141,2025-10,1401,-19.9
2531,141,2025-11,1273,-9.1
2532,141,2025-12,1351,6.1
2533,141,2026-01,819,-39.4
2534,141,2026-02,593,-27.6
2535,141,2026-03,1689,184.8
2536,141,2026-04,1174,-30.5
2537,141,2026-05,1276,8.7
2538,141,2026-06,1179,-7.6
2539,142,2025-01,1303,0.0
2540,142,2025-02,1108,-15.0
2541,142,2025-03,2396,116.2
2542,142,2025-04,1692,-29.4
2543,142,2025-05,2014,19.0
2544,142,2025-06,1744,-13.4
2545,142,2025-07,1808,3.7
2546,142,2025-08,1795,-0.7
2547,142,2025-09,2327,29.6
2548,142,2025-10,2310,-0.7
2549,142,2025-11,1624,-29.7
2550,142,2025-12,1571,-3.3
2551,142,2026-01,1218,-22.5
2552,142,2026-02,1170,-3.9
2553,142,2026-03,2082,77.9
2554,142,2026-04,2200,5.7
2555,142,2026-05,2079,-5.5
2556,142,2026-06,1997,-3.9
2557,143,2025-01,1134,0.0
2558,143,2025-02,854,-24.7
2559,143,2025-03,1768,107.0
2560,143,2025-04,1330,-24.8
2561,143,2025-05,935,-29.7
2562,143,2025-06,1374,47.0
2563,143,2025-07,1252,-8.9
2564,143,2025-08,1414,12.9
2565,143,2025-09,1258,-11.0
2566,143,2025-10,1834,45.8
2567,143,2025-11,1413,-23.0
2568,143,2025-12,1410,-0.2
2569,143,2026-01,832,-41.0
2570,143,2026-02,747,-10.2
2571,143,2026-03,1487,99.1
2572,143,2026-04,1280,-13.9
2573,143,2026-05,1146,-10.5
2574,143,2026-06,1277,11.4
2575,144,2025-01,1390,0.0
2576,144,2025-02,1370,-1.4
2577,144,2025-03,1961,43.1
2578,144,2025-04,2057,4.9
2579,144,2025-05,1848,-10.2
2580,144,2025-06,2046,10.7
2581,144,2025-07,2056,0.5
2582,144,2025-08,2394,16.4
2583,144,2025-09,3284,37.2
2584,144,2025-10,2484,-24.4
2585,144,2025-11,2311,-7.0
2586,144,2025-12,2072,-10.3
2587,144,2026-01,1426,-31.2
2588,144,2026-02,1245,-12.7
2589,144,2026-03,3121,150.7
2590,144,2026-04,1876,-39.9
2591,144,2026-05,2036,8.5
2592,144,2026-06,1971,-3.2
2593,145,2025-01,660,0.0
2594,145,2025-02,650,-1.5
2595,145,2025-03,1254,92.9
2596,145,2025-04,1114,-11.2
2597,145,2025-05,958,-14.0
2598,145,2025-06,1087,13.5
2599,145,2025-07,937,-13.8
2600,145,2025-08,1061,13.2
2601,145,2025-09,1519,43.2
2602,145,2025-10,1490,-1.9
2603,145,2025-11,1019,-31.6
2604,145,2025-12,1264,24.0
2605,145,2026-01,790,-37.5
2606,145,2026-02,772,-2.3
2607,145,2026-03,1394,80.6
2608,145,2026-04,1453,4.2
2609,145,2026-05,1364,-6.1
2610,145,2026-06,969,-29.0
2611,146,2025-01,807,0.0
2612,146,2025-02,655,-18.8
2613,146,2025-03,1426,117.7
2614,146,2025-04,985,-30.9
2615,146,2025-05,958,-2.7
2616,146,2025-06,1279,33.5
2617,146,2025-07,1249,-2.3
2618,146,2025-08,1373,9.9
2619,146,2025-09,1390,1.2
2620,146,2025-10,1258,-9.5
2621,146,2025-11,1230,-2.2
2622,146,2025-12,1539,25.1
2623,146,2026-01,847,-45.0
2624,146,2026-02,735,-13.2
2625,146,2026-03,1643,123.5
2626,146,2026-04,1317,-19.8
2627,146,2026-05,1226,-6.9
2628,146,2026-06,1198,-2.3
2629,147,2025-01,1231,0.0
2630,147,2025-02,1283,4.2
2631,147,2025-03,2132,66.2
2632,147,2025-04,1726,-19.0
2633,147,2025-05,1947,12.8
2634,147,2025-06,1904,-2.2
2635,147,2025-07,1698,-10.8
2636,147,2025-08,2054,21.0
2637,147,2025-09,2642,28.6
2638,147,2025-10,1291,-51.1
2639,147,2025-11,1498,16.0
2640,147,2025-12,2075,38.5
2641,147,2026-01,1119,-46.1
2642,147,2026-02,1298,16.0
2643,147,2026-03,2243,72.8
2644,147,2026-04,1866,-16.8
2645,147,2026-05,1813,-2.8
2646,147,2026-06,1632,-10.0
2647,148,2025-01,891,0.0
2648,148,2025-02,840,-5.7
2649,148,2025-03,1855,120.8
2650,148,2025-04,1179,-36.4
2651,148,2025-05,1419,20.4
2652,148,2025-06,1240,-12.6
2653,148,2025-07,1394,12.4
2654,148,2025-08,1318,-5.5
2655,148,2025-09,1824,38.4
2656,148,2025-10,1442,-20.9
2657,148,2025-11,1445,0.2
2658,148,2025-12,1470,1.7
2659,148,2026-01,772,-47.5
2660,148,2026-02,869,12.6
2661,148,2026-03,1097,26.2
2662,148,2026-04,1383,26.1
2663,148,2026-05,1133,-18.1
2664,148,2026-06,1351,19.2
2665,149,2025-01,725,0.0
2666,149,2025-02,711,-1.9
2667,149,2025-03,1264,77.8
2668,149,2025-04,1105,-12.6
2669,149,2025-05,1225,10.9
2670,149,2025-06,968,-21.0
2671,149,2025-07,1076,11.2
2672,149,2025-08,1328,23.4
2673,149,2025-09,1515,14.1
2674,149,2025-10,1604,5.9
2675,149,2025-11,1196,-25.4
2676,149,2025-12,1112,-7.0
2677,149,2026-01,853,-23.3
2678,149,2026-02,719,-15.7
2679,149,2026-03,1253,74.3
2680,149,2026-04,1207,-3.7
2681,149,2026-05,1069,-11.4
2682,149,2026-06,1087,1.7
2683,150,2025-01,729,0.0
2684,150,2025-02,614,-15.8
2685,150,2025-03,1506,145.3
2686,150,2025-04,1158,-23.1
2687,150,2025-05,881,-23.9
2688,150,2025-06,1024,16.2
2689,150,2025-07,1017,-0.7
2690,150,2025-08,1152,13.3
2691,150,2025-09,1418,23.1
2692,150,2025-10,1332,-6.1
2693,150,2025-11,891,-33.1
2694,150,2025-12,955,7.2
2695,150,2026-01,933,-2.3
2696,150,2026-02,684,-26.7
2697,150,2026-03,1597,133.5
2698,150,2026-04,1283,-19.7
2699,150,2026-05,1079,-15.9
2700,150,2026-06,875,-18.9
