review_id,car_id,user_id,content,score,sentiment,keywords,created_at
1,1,4,动力出色，秦PLUS真的不错！,4,positive,动力,2026-03-26 00:00:00
2,1,8,智能驾驶差劲，秦PLUS需要改进。,2,negative,智能驾驶,2026-03-14 00:00:00
3,1,1,油耗给力，秦PLUS真的不错！,5,positive,油耗,2026-02-08 00:00:00
4,1,10,油耗适中。,2,neutral,油耗,2025-04-22 00:00:00
5,1,1,动力很满意，秦PLUS真的不错！,5,positive,动力,2026-02-01 00:00:00
6,1,1,动力惊艳，秦PLUS真的不错！,5,positive,动力,2026-02-12 00:00:00
7,1,5,舒适性粗糙，秦PLUS需要改进。,1,negative,舒适性,2025-10-29 00:00:00
8,1,1,性价比没惊喜。,2,neutral,性价比,2026-04-08 00:00:00
9,1,9,内饰优秀，秦PLUS真的不错！,4,positive,内饰,2025-05-19 00:00:00
10,2,8,外观惊艳，秦PLUS EV真的不错！,4,positive,外观,2025-07-26 00:00:00
11,2,2,续航差劲，秦PLUS EV需要改进。,2,negative,续航,2025-05-07 00:00:00
12,2,8,智能驾驶优秀，秦PLUS EV真的不错！,4,positive,智能驾驶,2026-01-29 00:00:00
13,2,9,油耗没惊喜。,2,neutral,油耗,2026-01-25 00:00:00
14,2,3,智能驾驶出色，秦PLUS EV真的不错！,4,positive,智能驾驶,2025-05-29 00:00:00
15,2,1,智能座舱给力，秦PLUS EV真的不错！,5,positive,智能座舱,2026-04-02 00:00:00
16,2,3,内饰出色，秦PLUS EV真的不错！,4,positive,内饰,2025-01-04 00:00:00
17,2,5,外观没惊喜。,3,neutral,外观,2026-05-26 00:00:00
18,2,1,油耗出色，秦PLUS EV真的不错！,5,positive,油耗,2025-08-11 00:00:00
19,3,8,智能座舱中规中矩。,3,neutral,智能座舱,2025-01-07 00:00:00
20,3,9,续航很满意，汉EV真的不错！,4,positive,续航,2025-07-09 00:00:00
21,3,6,外观很满意，汉EV真的不错！,4,positive,外观,2025-11-02 00:00:00
22,3,2,外观惊艳，汉EV真的不错！,4,positive,外观,2025-07-02 00:00:00
23,3,5,油耗惊艳，汉EV真的不错！,4,positive,油耗,2026-01-04 00:00:00
24,3,2,续航虚标，汉EV需要改进。,2,negative,续航,2026-01-24 00:00:00
25,3,7,性价比够用。,2,neutral,性价比,2026-04-28 00:00:00
26,3,5,智能驾驶优秀，汉EV真的不错！,5,positive,智能驾驶,2025-08-03 00:00:00
27,3,10,外观适中。,2,neutral,外观,2025-03-31 00:00:00
28,3,10,续航优秀，汉EV真的不错！,5,positive,续航,2025-11-21 00:00:00
29,4,10,智能驾驶优秀，宋PLUS DM-i真的不错！,4,positive,智能驾驶,2026-05-24 00:00:00
30,4,8,舒适性优秀，宋PLUS DM-i真的不错！,4,positive,舒适性,2025-08-27 00:00:00
31,4,4,外观中规中矩。,2,neutral,外观,2026-04-22 00:00:00
32,4,2,动力没惊喜。,3,neutral,动力,2025-02-16 00:00:00
33,4,9,动力出色，宋PLUS DM-i真的不错！,4,positive,动力,2025-10-16 00:00:00
34,4,2,续航优秀，宋PLUS DM-i真的不错！,5,positive,续航,2025-11-28 00:00:00
35,4,2,智能驾驶没惊喜。,3,neutral,智能驾驶,2025-01-30 00:00:00
36,4,4,智能驾驶没惊喜。,3,neutral,智能驾驶,2026-05-01 00:00:00
37,5,3,舒适性惊艳，海豹真的不错！,4,positive,舒适性,2025-12-10 00:00:00
38,5,7,外观优秀，海豹真的不错！,5,positive,外观,2025-11-20 00:00:00
39,5,1,动力给力，海豹真的不错！,5,positive,动力,2025-03-09 00:00:00
40,5,5,外观粗糙，海豹需要改进。,2,negative,外观,2025-06-19 00:00:00
41,5,7,空间给力，海豹真的不错！,4,positive,空间,2025-11-19 00:00:00
42,5,5,智能座舱没惊喜。,2,neutral,智能座舱,2025-09-01 00:00:00
43,5,5,动力出色，海豹真的不错！,5,positive,动力,2025-04-25 00:00:00
44,5,1,动力惊艳，海豹真的不错！,4,positive,动力,2026-06-03 00:00:00
45,5,8,性价比出色，海豹真的不错！,4,positive,性价比,2025-12-15 00:00:00
46,5,9,续航差劲，海豹需要改进。,2,negative,续航,2025-04-11 00:00:00
47,5,9,空间中规中矩。,2,neutral,空间,2026-04-16 00:00:00
48,5,9,内饰给力，海豹真的不错！,4,positive,内饰,2025-02-15 00:00:00
49,6,2,智能驾驶中规中矩。,3,neutral,智能驾驶,2025-04-16 00:00:00
50,6,5,外观出色，星瑞真的不错！,5,positive,外观,2025-11-25 00:00:00
51,6,5,续航惊艳，星瑞真的不错！,5,positive,续航,2025-05-01 00:00:00
52,6,3,续航很满意，星瑞真的不错！,4,positive,续航,2026-06-11 00:00:00
53,6,9,智能驾驶给力，星瑞真的不错！,5,positive,智能驾驶,2025-05-25 00:00:00
54,6,5,油耗差劲，星瑞需要改进。,1,negative,油耗,2025-03-14 00:00:00
55,6,6,性价比很满意，星瑞真的不错！,5,positive,性价比,2025-05-14 00:00:00
56,6,1,内饰很满意，星瑞真的不错！,5,positive,内饰,2025-03-30 00:00:00
57,6,3,油耗优秀，星瑞真的不错！,5,positive,油耗,2025-12-31 00:00:00
58,6,4,性价比惊艳，星瑞真的不错！,4,positive,性价比,2025-05-15 00:00:00
59,6,8,内饰给力，星瑞真的不错！,5,positive,内饰,2026-04-22 00:00:00
60,7,4,空间给力，博越L真的不错！,5,positive,空间,2026-02-06 00:00:00
61,7,6,智能驾驶惊艳，博越L真的不错！,5,positive,智能驾驶,2025-01-31 00:00:00
62,7,2,智能驾驶惊艳，博越L真的不错！,5,positive,智能驾驶,2025-06-24 00:00:00
63,7,6,油耗优秀，博越L真的不错！,4,positive,油耗,2025-04-16 00:00:00
64,7,2,智能驾驶给力，博越L真的不错！,4,positive,智能驾驶,2026-04-18 00:00:00
65,7,7,动力优秀，博越L真的不错！,4,positive,动力,2025-06-12 00:00:00
66,7,7,内饰差劲，博越L需要改进。,2,negative,内饰,2026-03-18 00:00:00
67,7,7,油耗适中。,3,neutral,油耗,2025-08-30 00:00:00
68,7,2,油耗很满意，博越L真的不错！,5,positive,油耗,2026-04-20 00:00:00
69,8,8,空间惊艳，帝豪L Hi·P真的不错！,5,positive,空间,2025-03-13 00:00:00
70,8,10,智能座舱惊艳，帝豪L Hi·P真的不错！,5,positive,智能座舱,2025-03-04 00:00:00
71,8,3,油耗出色，帝豪L Hi·P真的不错！,4,positive,油耗,2025-06-02 00:00:00
72,8,5,智能座舱出色，帝豪L Hi·P真的不错！,5,positive,智能座舱,2025-07-30 00:00:00
73,8,6,续航没惊喜。,3,neutral,续航,2025-12-19 00:00:00
74,8,10,外观差劲，帝豪L Hi·P需要改进。,2,negative,外观,2025-10-29 00:00:00
75,8,9,外观优秀，帝豪L Hi·P真的不错！,4,positive,外观,2026-01-03 00:00:00
76,8,5,外观惊艳，帝豪L Hi·P真的不错！,4,positive,外观,2026-02-08 00:00:00
77,9,7,智能座舱惊艳，银河L7真的不错！,5,positive,智能座舱,2025-08-05 00:00:00
78,9,8,空间适中。,2,neutral,空间,2026-01-29 00:00:00
79,9,6,智能座舱够用。,2,neutral,智能座舱,2025-05-09 00:00:00
80,9,2,外观惊艳，银河L7真的不错！,4,positive,外观,2026-03-24 00:00:00
81,9,3,内饰粗糙，银河L7需要改进。,1,negative,内饰,2026-04-12 00:00:00
82,9,10,智能座舱粗糙，银河L7需要改进。,1,negative,智能座舱,2026-06-06 00:00:00
83,9,8,智能座舱出色，银河L7真的不错！,5,positive,智能座舱,2025-07-10 00:00:00
84,9,1,油耗出色，银河L7真的不错！,5,positive,油耗,2026-05-29 00:00:00
85,9,9,油耗很满意，银河L7真的不错！,5,positive,油耗,2025-02-08 00:00:00
86,9,6,内饰很满意，银河L7真的不错！,5,positive,内饰,2025-05-26 00:00:00
87,9,9,续航适中。,3,neutral,续航,2025-03-22 00:00:00
88,10,2,动力不足，极氪001需要改进。,2,negative,动力,2025-11-16 00:00:00
89,10,6,性价比没惊喜。,2,neutral,性价比,2026-04-10 00:00:00
90,10,8,油耗惊艳，极氪001真的不错！,5,positive,油耗,2025-12-28 00:00:00
91,10,5,续航不足，极氪001需要改进。,1,negative,续航,2025-11-08 00:00:00
92,10,10,续航没惊喜。,2,neutral,续航,2025-06-23 00:00:00
93,10,5,油耗给力，极氪001真的不错！,4,positive,油耗,2026-05-12 00:00:00
94,10,9,内饰给力，极氪001真的不错！,5,positive,内饰,2025-05-16 00:00:00
95,10,5,续航中规中矩。,2,neutral,续航,2025-06-28 00:00:00
96,10,3,舒适性差劲，极氪001需要改进。,2,negative,舒适性,2025-09-25 00:00:00
97,10,4,舒适性适中。,2,neutral,舒适性,2025-02-03 00:00:00
98,11,3,油耗粗糙，UNI-V需要改进。,1,negative,油耗,2026-02-27 00:00:00
99,11,4,舒适性一般。,2,neutral,舒适性,2025-12-20 00:00:00
100,11,5,内饰出色，UNI-V真的不错！,4,positive,内饰,2026-04-21 00:00:00
101,11,5,舒适性惊艳，UNI-V真的不错！,4,positive,舒适性,2026-02-04 00:00:00
102,11,3,性价比很满意，UNI-V真的不错！,5,positive,性价比,2025-10-23 00:00:00
103,11,8,智能座舱卡顿，UNI-V需要改进。,2,negative,智能座舱,2025-02-12 00:00:00
104,11,9,智能驾驶优秀，UNI-V真的不错！,5,positive,智能驾驶,2025-10-07 00:00:00
105,11,5,内饰优秀，UNI-V真的不错！,5,positive,内饰,2026-02-05 00:00:00
106,12,4,油耗适中。,2,neutral,油耗,2025-12-12 00:00:00
107,12,3,智能驾驶中规中矩。,2,neutral,智能驾驶,2025-03-11 00:00:00
108,12,2,性价比惊艳，UNI-K真的不错！,4,positive,性价比,2025-12-26 00:00:00
109,12,5,续航很满意，UNI-K真的不错！,4,positive,续航,2025-01-25 00:00:00
110,12,1,油耗适中。,2,neutral,油耗,2025-05-05 00:00:00
111,12,2,内饰没惊喜。,2,neutral,内饰,2025-07-09 00:00:00
112,12,3,续航粗糙，UNI-K需要改进。,2,negative,续航,2025-03-19 00:00:00
113,12,5,智能座舱够用。,3,neutral,智能座舱,2025-06-15 00:00:00
114,12,5,外观没惊喜。,3,neutral,外观,2025-12-07 00:00:00
115,13,5,空间很满意，深蓝SL03真的不错！,5,positive,空间,2026-05-19 00:00:00
116,13,4,油耗差劲，深蓝SL03需要改进。,2,negative,油耗,2026-05-19 00:00:00
117,13,9,智能座舱优秀，深蓝SL03真的不错！,4,positive,智能座舱,2025-04-19 00:00:00
118,13,5,内饰不足，深蓝SL03需要改进。,1,negative,内饰,2025-03-14 00:00:00
119,13,5,舒适性惊艳，深蓝SL03真的不错！,4,positive,舒适性,2025-06-02 00:00:00
120,13,1,外观够用。,3,neutral,外观,2025-06-05 00:00:00
121,14,7,油耗优秀，深蓝S7真的不错！,4,positive,油耗,2026-05-18 00:00:00
122,14,7,内饰很满意，深蓝S7真的不错！,4,positive,内饰,2026-01-29 00:00:00
123,14,8,内饰虚标，深蓝S7需要改进。,2,negative,内饰,2025-11-07 00:00:00
124,14,2,智能驾驶很满意，深蓝S7真的不错！,5,positive,智能驾驶,2026-04-16 00:00:00
125,14,5,动力适中。,2,neutral,动力,2025-02-10 00:00:00
126,14,4,续航不足，深蓝S7需要改进。,2,negative,续航,2026-01-03 00:00:00
127,14,8,动力很满意，深蓝S7真的不错！,4,positive,动力,2025-07-17 00:00:00
128,14,10,动力惊艳，深蓝S7真的不错！,5,positive,动力,2025-03-06 00:00:00
129,14,5,舒适性中规中矩。,3,neutral,舒适性,2025-02-07 00:00:00
130,14,6,外观很满意，深蓝S7真的不错！,5,positive,外观,2025-08-05 00:00:00
131,14,9,舒适性适中。,2,neutral,舒适性,2025-08-27 00:00:00
132,15,3,舒适性惊艳，逸动PLUS真的不错！,4,positive,舒适性,2025-02-16 00:00:00
133,15,3,外观很满意，逸动PLUS真的不错！,4,positive,外观,2025-11-11 00:00:00
134,15,2,舒适性适中。,2,neutral,舒适性,2025-03-07 00:00:00
135,15,2,内饰适中。,3,neutral,内饰,2025-08-14 00:00:00
136,15,4,智能座舱惊艳，逸动PLUS真的不错！,5,positive,智能座舱,2025-11-29 00:00:00
137,15,10,性价比给力，逸动PLUS真的不错！,4,positive,性价比,2025-08-07 00:00:00
138,16,3,智能驾驶很满意，哈弗H6真的不错！,4,positive,智能驾驶,2025-10-08 00:00:00
139,16,7,空间优秀，哈弗H6真的不错！,5,positive,空间,2025-06-18 00:00:00
140,16,10,外观很满意，哈弗H6真的不错！,4,positive,外观,2026-01-21 00:00:00
141,16,1,舒适性中规中矩。,2,neutral,舒适性,2025-01-08 00:00:00
142,16,2,油耗惊艳，哈弗H6真的不错！,5,positive,油耗,2026-05-03 00:00:00
143,16,4,空间适中。,3,neutral,空间,2026-04-07 00:00:00
144,16,3,油耗优秀，哈弗H6真的不错！,4,positive,油耗,2025-07-04 00:00:00
145,16,10,内饰够用。,3,neutral,内饰,2026-03-05 00:00:00
146,16,4,动力优秀，哈弗H6真的不错！,4,positive,动力,2025-04-08 00:00:00
147,16,9,性价比没惊喜。,2,neutral,性价比,2025-08-02 00:00:00
148,16,4,内饰惊艳，哈弗H6真的不错！,4,positive,内饰,2026-05-25 00:00:00
149,16,1,外观给力，哈弗H6真的不错！,5,positive,外观,2025-08-03 00:00:00
150,17,10,舒适性很满意，哈弗枭龙MAX真的不错！,4,positive,舒适性,2025-02-23 00:00:00
151,17,3,空间粗糙，哈弗枭龙MAX需要改进。,1,negative,空间,2026-06-12 00:00:00
152,17,4,舒适性惊艳，哈弗枭龙MAX真的不错！,5,positive,舒适性,2025-07-23 00:00:00
153,17,6,动力够用。,2,neutral,动力,2025-08-22 00:00:00
154,17,7,动力出色，哈弗枭龙MAX真的不错！,5,positive,动力,2025-03-17 00:00:00
155,17,8,外观出色，哈弗枭龙MAX真的不错！,5,positive,外观,2025-08-10 00:00:00
156,17,8,空间虚标，哈弗枭龙MAX需要改进。,2,negative,空间,2025-05-20 00:00:00
157,17,4,智能驾驶出色，哈弗枭龙MAX真的不错！,5,positive,智能驾驶,2025-12-10 00:00:00
158,17,10,外观出色，哈弗枭龙MAX真的不错！,5,positive,外观,2025-04-24 00:00:00
159,18,7,空间出色，坦克300真的不错！,5,positive,空间,2025-10-30 00:00:00
160,18,10,空间中规中矩。,2,neutral,空间,2026-02-26 00:00:00
161,18,8,动力粗糙，坦克300需要改进。,2,negative,动力,2025-10-13 00:00:00
162,18,7,动力给力，坦克300真的不错！,4,positive,动力,2026-03-21 00:00:00
163,18,10,空间惊艳，坦克300真的不错！,4,positive,空间,2025-02-15 00:00:00
164,18,8,性价比惊艳，坦克300真的不错！,4,positive,性价比,2026-02-08 00:00:00
165,18,2,舒适性出色，坦克300真的不错！,5,positive,舒适性,2025-03-27 00:00:00
166,18,1,智能座舱出色，坦克300真的不错！,4,positive,智能座舱,2026-01-03 00:00:00
167,18,2,外观给力，坦克300真的不错！,5,positive,外观,2025-06-15 00:00:00
168,18,10,油耗没惊喜。,2,neutral,油耗,2026-04-20 00:00:00
169,18,7,空间没惊喜。,3,neutral,空间,2025-01-02 00:00:00
170,18,2,智能座舱卡顿，坦克300需要改进。,2,negative,智能座舱,2025-02-03 00:00:00
171,19,5,油耗很满意，坦克500真的不错！,4,positive,油耗,2025-12-10 00:00:00
172,19,1,性价比中规中矩。,3,neutral,性价比,2025-04-24 00:00:00
173,19,8,油耗给力，坦克500真的不错！,4,positive,油耗,2026-01-11 00:00:00
174,19,9,内饰出色，坦克500真的不错！,4,positive,内饰,2025-12-09 00:00:00
175,19,2,舒适性出色，坦克500真的不错！,4,positive,舒适性,2025-11-25 00:00:00
176,19,5,性价比给力，坦克500真的不错！,5,positive,性价比,2025-02-25 00:00:00
177,19,6,舒适性优秀，坦克500真的不错！,5,positive,舒适性,2026-06-24 00:00:00
178,19,8,性价比没惊喜。,3,neutral,性价比,2026-01-12 00:00:00
179,20,2,动力中规中矩。,3,neutral,动力,2025-03-24 00:00:00
180,20,3,续航很满意，欧拉好猫真的不错！,4,positive,续航,2025-06-18 00:00:00
181,20,3,舒适性出色，欧拉好猫真的不错！,4,positive,舒适性,2026-06-18 00:00:00
182,20,1,续航卡顿，欧拉好猫需要改进。,2,negative,续航,2025-05-16 00:00:00
183,20,7,舒适性给力，欧拉好猫真的不错！,4,positive,舒适性,2025-07-13 00:00:00
184,20,4,性价比惊艳，欧拉好猫真的不错！,5,positive,性价比,2025-12-18 00:00:00
185,20,6,舒适性没惊喜。,3,neutral,舒适性,2025-11-08 00:00:00
186,20,5,空间出色，欧拉好猫真的不错！,5,positive,空间,2026-05-11 00:00:00
187,20,5,外观给力，欧拉好猫真的不错！,4,positive,外观,2025-10-19 00:00:00
188,20,3,油耗优秀，欧拉好猫真的不错！,4,positive,油耗,2025-10-20 00:00:00
189,20,3,空间出色，欧拉好猫真的不错！,4,positive,空间,2025-04-30 00:00:00
190,20,6,油耗惊艳，欧拉好猫真的不错！,4,positive,油耗,2025-09-24 00:00:00
191,21,9,外观给力，艾瑞泽8真的不错！,5,positive,外观,2025-06-01 00:00:00
192,21,9,空间很满意，艾瑞泽8真的不错！,5,positive,空间,2025-01-26 00:00:00
193,21,8,空间给力，艾瑞泽8真的不错！,5,positive,空间,2025-06-09 00:00:00
194,21,9,性价比给力，艾瑞泽8真的不错！,5,positive,性价比,2026-05-01 00:00:00
195,21,10,空间虚标，艾瑞泽8需要改进。,2,negative,空间,2025-04-26 00:00:00
196,21,1,空间够用。,2,neutral,空间,2025-01-26 00:00:00
197,21,4,舒适性很满意，艾瑞泽8真的不错！,5,positive,舒适性,2025-12-01 00:00:00
198,21,4,油耗给力，艾瑞泽8真的不错！,4,positive,油耗,2025-07-20 00:00:00
199,22,8,内饰出色，瑞虎8 PRO真的不错！,5,positive,内饰,2026-05-18 00:00:00
200,22,10,性价比给力，瑞虎8 PRO真的不错！,4,positive,性价比,2026-02-12 00:00:00
201,22,7,智能驾驶给力，瑞虎8 PRO真的不错！,5,positive,智能驾驶,2025-01-13 00:00:00
202,22,6,续航优秀，瑞虎8 PRO真的不错！,5,positive,续航,2025-03-31 00:00:00
203,22,8,智能座舱给力，瑞虎8 PRO真的不错！,5,positive,智能座舱,2025-06-17 00:00:00
204,22,7,智能座舱适中。,2,neutral,智能座舱,2025-03-30 00:00:00
205,23,8,性价比很满意，瑞虎9真的不错！,5,positive,性价比,2026-01-20 00:00:00
206,23,7,续航出色，瑞虎9真的不错！,5,positive,续航,2026-04-19 00:00:00
207,23,3,动力没惊喜。,2,neutral,动力,2025-10-24 00:00:00
208,23,1,续航惊艳，瑞虎9真的不错！,5,positive,续航,2026-04-20 00:00:00
209,23,1,空间给力，瑞虎9真的不错！,5,positive,空间,2026-04-29 00:00:00
210,23,5,智能座舱惊艳，瑞虎9真的不错！,4,positive,智能座舱,2025-09-08 00:00:00
211,23,5,舒适性优秀，瑞虎9真的不错！,4,positive,舒适性,2026-01-06 00:00:00
212,24,7,续航很满意，星途揽月真的不错！,5,positive,续航,2026-01-18 00:00:00
213,24,10,外观出色，星途揽月真的不错！,5,positive,外观,2025-03-01 00:00:00
214,24,8,空间出色，星途揽月真的不错！,5,positive,空间,2025-02-24 00:00:00
215,24,7,智能驾驶给力，星途揽月真的不错！,4,positive,智能驾驶,2025-10-26 00:00:00
216,24,2,性价比出色，星途揽月真的不错！,4,positive,性价比,2025-04-07 00:00:00
217,24,3,性价比给力，星途揽月真的不错！,5,positive,性价比,2025-11-05 00:00:00
218,24,6,内饰出色，星途揽月真的不错！,5,positive,内饰,2025-01-14 00:00:00
219,24,5,智能驾驶惊艳，星途揽月真的不错！,5,positive,智能驾驶,2025-12-15 00:00:00
220,24,3,内饰差劲，星途揽月需要改进。,1,negative,内饰,2026-05-31 00:00:00
221,24,4,性价比惊艳，星途揽月真的不错！,4,positive,性价比,2026-04-17 00:00:00
222,25,3,外观给力，捷途旅行者真的不错！,5,positive,外观,2025-11-16 00:00:00
223,25,3,舒适性一般。,3,neutral,舒适性,2025-11-08 00:00:00
224,25,2,动力出色，捷途旅行者真的不错！,4,positive,动力,2025-08-21 00:00:00
225,25,4,空间惊艳，捷途旅行者真的不错！,4,positive,空间,2025-04-25 00:00:00
226,25,8,智能座舱出色，捷途旅行者真的不错！,4,positive,智能座舱,2025-04-21 00:00:00
227,25,9,油耗惊艳，捷途旅行者真的不错！,4,positive,油耗,2025-05-02 00:00:00
228,26,5,外观很满意，ET5真的不错！,4,positive,外观,2025-07-30 00:00:00
229,26,4,空间很满意，ET5真的不错！,5,positive,空间,2025-04-03 00:00:00
230,26,5,油耗给力，ET5真的不错！,5,positive,油耗,2025-06-14 00:00:00
231,26,10,动力不足，ET5需要改进。,1,negative,动力,2025-01-15 00:00:00
232,26,4,续航优秀，ET5真的不错！,4,positive,续航,2025-01-05 00:00:00
233,26,2,动力虚标，ET5需要改进。,2,negative,动力,2025-07-09 00:00:00
234,26,2,空间惊艳，ET5真的不错！,5,positive,空间,2026-03-11 00:00:00
235,26,4,智能座舱给力，ET5真的不错！,4,positive,智能座舱,2025-05-07 00:00:00
236,27,3,舒适性给力，ET7真的不错！,5,positive,舒适性,2025-02-11 00:00:00
237,27,8,内饰给力，ET7真的不错！,5,positive,内饰,2026-04-13 00:00:00
238,27,5,舒适性适中。,2,neutral,舒适性,2026-02-22 00:00:00
239,27,7,动力惊艳，ET7真的不错！,4,positive,动力,2026-01-12 00:00:00
240,27,8,内饰惊艳，ET7真的不错！,5,positive,内饰,2026-06-20 00:00:00
241,27,2,内饰没惊喜。,2,neutral,内饰,2026-02-15 00:00:00
242,27,2,空间够用。,2,neutral,空间,2025-07-23 00:00:00
243,27,10,智能座舱出色，ET7真的不错！,4,positive,智能座舱,2026-03-11 00:00:00
244,27,5,油耗没惊喜。,3,neutral,油耗,2025-12-31 00:00:00
245,28,7,舒适性一般。,3,neutral,舒适性,2026-04-11 00:00:00
246,28,5,舒适性出色，ES6真的不错！,5,positive,舒适性,2025-05-18 00:00:00
247,28,1,内饰很满意，ES6真的不错！,5,positive,内饰,2025-07-03 00:00:00
248,28,6,空间优秀，ES6真的不错！,5,positive,空间,2025-04-09 00:00:00
249,28,9,舒适性一般。,3,neutral,舒适性,2025-10-28 00:00:00
250,28,8,性价比适中。,3,neutral,性价比,2025-12-18 00:00:00
251,28,9,性价比中规中矩。,2,neutral,性价比,2026-03-17 00:00:00
252,28,2,智能座舱虚标，ES6需要改进。,2,negative,智能座舱,2026-01-21 00:00:00
253,28,1,外观优秀，ES6真的不错！,4,positive,外观,2025-11-07 00:00:00
254,29,7,空间惊艳，ES8真的不错！,5,positive,空间,2026-05-15 00:00:00
255,29,10,舒适性没惊喜。,3,neutral,舒适性,2025-06-10 00:00:00
256,29,7,续航优秀，ES8真的不错！,5,positive,续航,2026-01-22 00:00:00
257,29,6,续航中规中矩。,3,neutral,续航,2025-01-29 00:00:00
258,29,3,智能驾驶优秀，ES8真的不错！,5,positive,智能驾驶,2025-01-28 00:00:00
259,29,6,智能座舱没惊喜。,2,neutral,智能座舱,2025-12-20 00:00:00
260,29,7,智能驾驶差劲，ES8需要改进。,1,negative,智能驾驶,2025-09-11 00:00:00
261,29,5,油耗很满意，ES8真的不错！,4,positive,油耗,2025-11-09 00:00:00
262,29,3,外观很满意，ES8真的不错！,5,positive,外观,2026-04-17 00:00:00
263,29,7,油耗够用。,3,neutral,油耗,2025-01-21 00:00:00
264,29,10,外观没惊喜。,3,neutral,外观,2026-02-04 00:00:00
265,30,8,内饰给力，全新蔚来ES6真的不错！,4,positive,内饰,2026-05-24 00:00:00
266,30,6,空间给力，全新蔚来ES6真的不错！,5,positive,空间,2026-03-23 00:00:00
267,30,2,性价比给力，全新蔚来ES6真的不错！,4,positive,性价比,2025-09-29 00:00:00
268,30,10,智能座舱优秀，全新蔚来ES6真的不错！,4,positive,智能座舱,2025-04-05 00:00:00
269,30,10,内饰够用。,3,neutral,内饰,2025-03-10 00:00:00
270,30,9,舒适性出色，全新蔚来ES6真的不错！,5,positive,舒适性,2025-12-22 00:00:00
271,30,5,性价比没惊喜。,3,neutral,性价比,2025-11-17 00:00:00
272,30,7,续航优秀，全新蔚来ES6真的不错！,5,positive,续航,2025-07-04 00:00:00
273,31,9,空间一般。,3,neutral,空间,2026-04-24 00:00:00
274,31,9,油耗优秀，L7真的不错！,5,positive,油耗,2025-03-03 00:00:00
275,31,6,舒适性出色，L7真的不错！,4,positive,舒适性,2025-06-04 00:00:00
276,31,5,智能座舱够用。,3,neutral,智能座舱,2025-03-07 00:00:00
277,31,7,续航一般。,3,neutral,续航,2025-09-20 00:00:00
278,31,4,智能座舱中规中矩。,2,neutral,智能座舱,2025-06-03 00:00:00
279,32,5,舒适性优秀，L8真的不错！,5,positive,舒适性,2026-03-23 00:00:00
280,32,1,动力给力，L8真的不错！,4,positive,动力,2025-05-20 00:00:00
281,32,5,性价比很满意，L8真的不错！,4,positive,性价比,2026-05-13 00:00:00
282,32,1,内饰适中。,3,neutral,内饰,2025-11-02 00:00:00
283,32,7,智能驾驶粗糙，L8需要改进。,1,negative,智能驾驶,2025-05-24 00:00:00
284,32,10,性价比优秀，L8真的不错！,4,positive,性价比,2026-06-22 00:00:00
285,32,2,动力给力，L8真的不错！,4,positive,动力,2025-12-04 00:00:00
286,33,7,动力出色，L9真的不错！,5,positive,动力,2025-05-28 00:00:00
287,33,4,续航惊艳，L9真的不错！,5,positive,续航,2025-09-18 00:00:00
288,33,1,舒适性不足，L9需要改进。,2,negative,舒适性,2025-11-21 00:00:00
289,33,8,动力出色，L9真的不错！,5,positive,动力,2026-01-07 00:00:00
290,33,6,续航优秀，L9真的不错！,4,positive,续航,2025-02-05 00:00:00
291,33,1,动力适中。,3,neutral,动力,2026-01-29 00:00:00
292,33,6,内饰惊艳，L9真的不错！,4,positive,内饰,2026-02-02 00:00:00
293,33,7,续航很满意，L9真的不错！,5,positive,续航,2025-08-30 00:00:00
294,33,3,舒适性惊艳，L9真的不错！,5,positive,舒适性,2025-02-04 00:00:00
295,33,2,舒适性惊艳，L9真的不错！,5,positive,舒适性,2025-12-07 00:00:00
296,33,2,空间适中。,3,neutral,空间,2025-03-09 00:00:00
297,33,10,性价比惊艳，L9真的不错！,5,positive,性价比,2025-01-29 00:00:00
298,34,3,舒适性很满意，MEGA真的不错！,4,positive,舒适性,2026-02-15 00:00:00
299,34,5,智能驾驶很满意，MEGA真的不错！,4,positive,智能驾驶,2025-06-11 00:00:00
300,34,3,油耗给力，MEGA真的不错！,5,positive,油耗,2026-04-08 00:00:00
301,34,3,续航优秀，MEGA真的不错！,4,positive,续航,2025-12-02 00:00:00
302,34,4,内饰够用。,3,neutral,内饰,2025-07-06 00:00:00
303,34,7,油耗很满意，MEGA真的不错！,4,positive,油耗,2025-01-24 00:00:00
304,34,10,动力粗糙，MEGA需要改进。,1,negative,动力,2025-07-23 00:00:00
305,34,3,外观优秀，MEGA真的不错！,5,positive,外观,2026-03-16 00:00:00
306,34,3,内饰一般。,3,neutral,内饰,2025-05-01 00:00:00
307,34,9,智能座舱惊艳，MEGA真的不错！,5,positive,智能座舱,2025-05-02 00:00:00
308,34,4,动力给力，MEGA真的不错！,5,positive,动力,2026-05-22 00:00:00
309,34,7,动力给力，MEGA真的不错！,4,positive,动力,2025-07-13 00:00:00
310,35,3,外观给力，L6真的不错！,5,positive,外观,2025-08-30 00:00:00
311,35,4,智能驾驶中规中矩。,3,neutral,智能驾驶,2025-01-11 00:00:00
312,35,6,智能座舱惊艳，L6真的不错！,4,positive,智能座舱,2026-03-10 00:00:00
313,35,5,内饰适中。,2,neutral,内饰,2025-03-02 00:00:00
314,35,4,舒适性优秀，L6真的不错！,5,positive,舒适性,2025-02-16 00:00:00
315,35,9,油耗给力，L6真的不错！,5,positive,油耗,2026-02-09 00:00:00
316,35,3,性价比适中。,2,neutral,性价比,2025-07-03 00:00:00
317,35,9,舒适性惊艳，L6真的不错！,5,positive,舒适性,2025-05-16 00:00:00
318,35,9,智能座舱给力，L6真的不错！,4,positive,智能座舱,2025-04-30 00:00:00
319,36,3,舒适性给力，G6真的不错！,5,positive,舒适性,2026-03-17 00:00:00
320,36,5,油耗优秀，G6真的不错！,5,positive,油耗,2025-11-17 00:00:00
321,36,3,智能驾驶出色，G6真的不错！,5,positive,智能驾驶,2026-03-27 00:00:00
322,36,3,外观出色，G6真的不错！,4,positive,外观,2025-02-06 00:00:00
323,36,3,舒适性很满意，G6真的不错！,5,positive,舒适性,2026-05-22 00:00:00
324,36,6,性价比惊艳，G6真的不错！,5,positive,性价比,2026-05-20 00:00:00
325,36,3,内饰很满意，G6真的不错！,5,positive,内饰,2025-07-28 00:00:00
326,36,3,空间卡顿，G6需要改进。,2,negative,空间,2025-08-06 00:00:00
327,37,1,性价比粗糙，G9需要改进。,1,negative,性价比,2025-03-20 00:00:00
328,37,8,内饰很满意，G9真的不错！,5,positive,内饰,2025-10-19 00:00:00
329,37,2,智能座舱适中。,3,neutral,智能座舱,2025-04-19 00:00:00
330,37,3,外观没惊喜。,2,neutral,外观,2026-05-07 00:00:00
331,37,5,油耗给力，G9真的不错！,4,positive,油耗,2025-02-14 00:00:00
332,37,8,智能驾驶一般。,2,neutral,智能驾驶,2025-02-19 00:00:00
333,37,5,智能驾驶中规中矩。,2,neutral,智能驾驶,2026-01-26 00:00:00
334,37,5,空间惊艳，G9真的不错！,4,positive,空间,2025-04-02 00:00:00
335,37,4,空间惊艳，G9真的不错！,5,positive,空间,2025-10-19 00:00:00
336,37,3,内饰没惊喜。,3,neutral,内饰,2026-03-19 00:00:00
337,38,5,油耗够用。,2,neutral,油耗,2025-04-09 00:00:00
338,38,9,动力没惊喜。,3,neutral,动力,2026-02-02 00:00:00
339,38,10,油耗很满意，P7i真的不错！,5,positive,油耗,2026-03-09 00:00:00
340,38,10,空间没惊喜。,3,neutral,空间,2025-04-06 00:00:00
341,38,6,舒适性出色，P7i真的不错！,4,positive,舒适性,2026-05-23 00:00:00
342,38,9,内饰惊艳，P7i真的不错！,5,positive,内饰,2026-03-24 00:00:00
343,38,8,续航出色，P7i真的不错！,4,positive,续航,2025-11-04 00:00:00
344,38,9,智能座舱适中。,3,neutral,智能座舱,2025-02-18 00:00:00
345,38,1,性价比优秀，P7i真的不错！,4,positive,性价比,2026-03-12 00:00:00
346,38,8,油耗给力，P7i真的不错！,5,positive,油耗,2025-09-18 00:00:00
347,38,9,外观惊艳，P7i真的不错！,4,positive,外观,2025-07-03 00:00:00
348,39,7,外观惊艳，X9真的不错！,4,positive,外观,2025-11-01 00:00:00
349,39,8,舒适性给力，X9真的不错！,5,positive,舒适性,2025-07-11 00:00:00
350,39,2,油耗很满意，X9真的不错！,5,positive,油耗,2026-03-21 00:00:00
351,39,1,智能座舱很满意，X9真的不错！,4,positive,智能座舱,2025-06-25 00:00:00
352,39,8,智能座舱够用。,3,neutral,智能座舱,2026-01-05 00:00:00
353,39,7,续航一般。,2,neutral,续航,2025-05-19 00:00:00
354,39,2,外观很满意，X9真的不错！,4,positive,外观,2025-08-03 00:00:00
355,39,3,动力优秀，X9真的不错！,5,positive,动力,2025-07-15 00:00:00
356,39,8,空间惊艳，X9真的不错！,5,positive,空间,2025-01-23 00:00:00
357,39,3,舒适性惊艳，X9真的不错！,5,positive,舒适性,2025-01-21 00:00:00
358,39,10,动力虚标，X9需要改进。,1,negative,动力,2026-02-06 00:00:00
359,39,1,内饰惊艳，X9真的不错！,5,positive,内饰,2026-05-23 00:00:00
360,40,9,续航惊艳，Mona M03真的不错！,4,positive,续航,2026-02-14 00:00:00
361,40,10,油耗出色，Mona M03真的不错！,5,positive,油耗,2025-03-04 00:00:00
362,40,7,油耗优秀，Mona M03真的不错！,5,positive,油耗,2025-03-07 00:00:00
363,40,7,舒适性惊艳，Mona M03真的不错！,4,positive,舒适性,2025-12-22 00:00:00
364,40,7,外观给力，Mona M03真的不错！,4,positive,外观,2025-07-16 00:00:00
365,40,8,动力优秀，Mona M03真的不错！,4,positive,动力,2025-12-14 00:00:00
366,40,8,空间粗糙，Mona M03需要改进。,2,negative,空间,2026-03-03 00:00:00
367,40,6,舒适性适中。,2,neutral,舒适性,2025-08-01 00:00:00
368,40,2,舒适性出色，Mona M03真的不错！,4,positive,舒适性,2025-07-24 00:00:00
369,40,8,内饰惊艳，Mona M03真的不错！,5,positive,内饰,2025-11-07 00:00:00
370,40,9,外观给力，Mona M03真的不错！,4,positive,外观,2025-09-25 00:00:00
371,41,3,性价比中规中矩。,2,neutral,性价比,2025-12-12 00:00:00
372,41,10,动力优秀，M5真的不错！,4,positive,动力,2025-08-18 00:00:00
373,41,6,智能驾驶优秀，M5真的不错！,4,positive,智能驾驶,2025-10-01 00:00:00
374,41,9,油耗不足，M5需要改进。,1,negative,油耗,2026-03-25 00:00:00
375,41,2,内饰适中。,2,neutral,内饰,2025-02-12 00:00:00
376,41,3,内饰给力，M5真的不错！,4,positive,内饰,2025-06-10 00:00:00
377,41,8,性价比中规中矩。,3,neutral,性价比,2025-06-07 00:00:00
378,41,6,空间一般。,2,neutral,空间,2026-03-26 00:00:00
379,42,1,动力够用。,3,neutral,动力,2025-10-21 00:00:00
380,42,2,续航惊艳，M5 EV真的不错！,5,positive,续航,2026-01-05 00:00:00
381,42,4,空间一般。,3,neutral,空间,2025-05-22 00:00:00
382,42,7,智能座舱适中。,3,neutral,智能座舱,2026-01-06 00:00:00
383,42,8,空间卡顿，M5 EV需要改进。,1,negative,空间,2025-03-13 00:00:00
384,42,6,智能座舱惊艳，M5 EV真的不错！,4,positive,智能座舱,2025-03-04 00:00:00
385,42,1,空间优秀，M5 EV真的不错！,4,positive,空间,2025-10-30 00:00:00
386,42,9,续航给力，M5 EV真的不错！,5,positive,续航,2025-01-09 00:00:00
387,42,9,油耗没惊喜。,2,neutral,油耗,2026-04-02 00:00:00
388,43,9,油耗给力，M7真的不错！,5,positive,油耗,2026-02-19 00:00:00
389,43,5,内饰适中。,2,neutral,内饰,2025-12-09 00:00:00
390,43,3,性价比出色，M7真的不错！,5,positive,性价比,2025-04-06 00:00:00
391,43,5,性价比出色，M7真的不错！,5,positive,性价比,2025-01-24 00:00:00
392,43,9,油耗出色，M7真的不错！,5,positive,油耗,2025-11-08 00:00:00
393,43,9,内饰够用。,2,neutral,内饰,2025-09-23 00:00:00
394,43,6,内饰中规中矩。,2,neutral,内饰,2026-04-05 00:00:00
395,43,1,舒适性出色，M7真的不错！,5,positive,舒适性,2025-08-28 00:00:00
396,43,5,油耗惊艳，M7真的不错！,4,positive,油耗,2026-06-17 00:00:00
397,43,2,智能驾驶够用。,2,neutral,智能驾驶,2026-04-11 00:00:00
398,43,7,智能座舱很满意，M7真的不错！,4,positive,智能座舱,2025-03-05 00:00:00
399,44,8,动力不足，M8需要改进。,2,negative,动力,2026-01-14 00:00:00
400,44,7,油耗够用。,3,neutral,油耗,2026-05-26 00:00:00
401,44,8,舒适性一般。,3,neutral,舒适性,2025-05-28 00:00:00
402,44,8,舒适性优秀，M8真的不错！,4,positive,舒适性,2025-05-01 00:00:00
403,44,8,舒适性一般。,2,neutral,舒适性,2026-01-14 00:00:00
404,44,2,油耗不足，M8需要改进。,2,negative,油耗,2025-05-04 00:00:00
405,44,5,外观很满意，M8真的不错！,4,positive,外观,2026-01-16 00:00:00
406,44,6,续航惊艳，M8真的不错！,5,positive,续航,2025-01-29 00:00:00
407,44,3,油耗中规中矩。,3,neutral,油耗,2025-11-09 00:00:00
408,45,8,外观优秀，M9真的不错！,4,positive,外观,2025-12-24 00:00:00
409,45,1,智能座舱优秀，M9真的不错！,5,positive,智能座舱,2025-11-14 00:00:00
410,45,6,智能座舱优秀，M9真的不错！,5,positive,智能座舱,2025-05-16 00:00:00
411,45,9,舒适性没惊喜。,3,neutral,舒适性,2025-06-02 00:00:00
412,45,6,内饰粗糙，M9需要改进。,2,negative,内饰,2025-08-27 00:00:00
413,45,6,性价比粗糙，M9需要改进。,1,negative,性价比,2025-10-12 00:00:00
414,45,3,外观适中。,3,neutral,外观,2025-05-07 00:00:00
415,45,2,动力适中。,2,neutral,动力,2026-06-19 00:00:00
416,46,9,外观适中。,2,neutral,外观,2025-07-04 00:00:00
417,46,5,动力卡顿，001需要改进。,1,negative,动力,2026-03-31 00:00:00
418,46,9,油耗惊艳，001真的不错！,5,positive,油耗,2025-02-16 00:00:00
419,46,1,智能驾驶出色，001真的不错！,5,positive,智能驾驶,2026-03-01 00:00:00
420,46,9,智能驾驶给力，001真的不错！,5,positive,智能驾驶,2025-04-04 00:00:00
421,46,2,性价比给力，001真的不错！,4,positive,性价比,2025-05-28 00:00:00
422,46,2,空间惊艳，001真的不错！,5,positive,空间,2025-06-23 00:00:00
423,47,6,空间中规中矩。,2,neutral,空间,2025-11-02 00:00:00
424,47,6,空间给力，007真的不错！,5,positive,空间,2025-09-22 00:00:00
425,47,2,外观出色，007真的不错！,4,positive,外观,2025-08-31 00:00:00
426,47,9,智能座舱给力，007真的不错！,4,positive,智能座舱,2025-03-04 00:00:00
427,47,9,智能座舱惊艳，007真的不错！,4,positive,智能座舱,2025-01-30 00:00:00
428,47,4,外观优秀，007真的不错！,5,positive,外观,2025-04-14 00:00:00
429,48,3,续航没惊喜。,3,neutral,续航,2025-03-27 00:00:00
430,48,9,动力够用。,2,neutral,动力,2025-06-22 00:00:00
431,48,9,智能座舱中规中矩。,3,neutral,智能座舱,2025-01-02 00:00:00
432,48,10,续航中规中矩。,2,neutral,续航,2025-03-03 00:00:00
433,48,8,续航粗糙，X需要改进。,2,negative,续航,2025-12-26 00:00:00
434,48,4,油耗中规中矩。,3,neutral,油耗,2025-06-15 00:00:00
435,48,10,内饰中规中矩。,3,neutral,内饰,2026-02-09 00:00:00
436,49,3,性价比惊艳，X YOU真的不错！,5,positive,性价比,2025-08-04 00:00:00
437,49,6,智能驾驶没惊喜。,3,neutral,智能驾驶,2025-10-07 00:00:00
438,49,6,智能驾驶惊艳，X YOU真的不错！,4,positive,智能驾驶,2025-12-03 00:00:00
439,49,3,外观很满意，X YOU真的不错！,5,positive,外观,2025-01-10 00:00:00
440,49,7,性价比没惊喜。,3,neutral,性价比,2025-03-25 00:00:00
441,49,2,性价比没惊喜。,2,neutral,性价比,2025-05-07 00:00:00
442,49,7,油耗惊艳，X YOU真的不错！,5,positive,油耗,2025-07-01 00:00:00
443,49,1,内饰够用。,3,neutral,内饰,2025-07-17 00:00:00
444,49,4,外观给力，X YOU真的不错！,5,positive,外观,2025-07-16 00:00:00
445,49,10,续航出色，X YOU真的不错！,4,positive,续航,2026-05-21 00:00:00
446,49,1,续航卡顿，X YOU需要改进。,2,negative,续航,2025-08-03 00:00:00
447,50,7,内饰优秀，001 FR真的不错！,5,positive,内饰,2026-05-28 00:00:00
448,50,9,动力很满意，001 FR真的不错！,4,positive,动力,2025-05-12 00:00:00
449,50,3,续航适中。,2,neutral,续航,2025-10-08 00:00:00
450,50,1,性价比优秀，001 FR真的不错！,5,positive,性价比,2026-04-10 00:00:00
451,50,7,外观惊艳，001 FR真的不错！,5,positive,外观,2026-02-21 00:00:00
452,50,9,舒适性给力，001 FR真的不错！,5,positive,舒适性,2026-06-14 00:00:00
453,51,4,外观惊艳，300真的不错！,5,positive,外观,2026-04-05 00:00:00
454,51,7,动力很满意，300真的不错！,5,positive,动力,2025-01-26 00:00:00
455,51,4,智能座舱差劲，300需要改进。,1,negative,智能座舱,2025-07-21 00:00:00
456,51,5,内饰很满意，300真的不错！,4,positive,内饰,2026-05-07 00:00:00
457,51,1,油耗给力，300真的不错！,5,positive,油耗,2025-09-11 00:00:00
458,51,4,智能驾驶给力，300真的不错！,4,positive,智能驾驶,2026-06-17 00:00:00
459,51,2,油耗中规中矩。,3,neutral,油耗,2026-04-03 00:00:00
460,51,2,外观惊艳，300真的不错！,4,positive,外观,2025-11-17 00:00:00
461,51,2,空间粗糙，300需要改进。,1,negative,空间,2025-02-26 00:00:00
462,51,7,内饰很满意，300真的不错！,4,positive,内饰,2025-02-23 00:00:00
463,51,7,智能座舱优秀，300真的不错！,4,positive,智能座舱,2026-02-25 00:00:00
464,51,10,油耗惊艳，300真的不错！,4,positive,油耗,2026-01-29 00:00:00
465,52,10,油耗够用。,2,neutral,油耗,2025-01-27 00:00:00
466,52,6,油耗很满意，400真的不错！,4,positive,油耗,2025-04-16 00:00:00
467,52,2,油耗优秀，400真的不错！,4,positive,油耗,2025-05-10 00:00:00
468,52,5,智能驾驶没惊喜。,3,neutral,智能驾驶,2026-04-01 00:00:00
469,52,3,外观出色，400真的不错！,4,positive,外观,2025-11-16 00:00:00
470,52,9,智能驾驶优秀，400真的不错！,5,positive,智能驾驶,2025-05-30 00:00:00
471,52,5,油耗给力，400真的不错！,5,positive,油耗,2026-01-13 00:00:00
472,52,9,油耗不足，400需要改进。,1,negative,油耗,2025-09-01 00:00:00
473,52,9,外观给力，400真的不错！,5,positive,外观,2025-07-20 00:00:00
474,53,4,内饰一般。,3,neutral,内饰,2026-05-03 00:00:00
475,53,8,油耗适中。,3,neutral,油耗,2025-12-10 00:00:00
476,53,7,智能驾驶中规中矩。,2,neutral,智能驾驶,2026-04-11 00:00:00
477,53,1,舒适性不足，500需要改进。,1,negative,舒适性,2025-08-17 00:00:00
478,53,8,油耗一般。,2,neutral,油耗,2026-05-08 00:00:00
479,53,6,智能座舱没惊喜。,2,neutral,智能座舱,2025-07-08 00:00:00
480,53,1,智能驾驶中规中矩。,2,neutral,智能驾驶,2026-01-02 00:00:00
481,54,3,续航出色，700真的不错！,5,positive,续航,2026-01-04 00:00:00
482,54,1,动力给力，700真的不错！,4,positive,动力,2025-06-28 00:00:00
483,54,5,空间优秀，700真的不错！,5,positive,空间,2025-09-09 00:00:00
484,54,1,空间很满意，700真的不错！,5,positive,空间,2025-01-22 00:00:00
485,54,3,智能座舱够用。,2,neutral,智能座舱,2025-08-04 00:00:00
486,54,4,智能驾驶出色，700真的不错！,5,positive,智能驾驶,2026-06-24 00:00:00
487,55,7,内饰差劲，300 越野版需要改进。,1,negative,内饰,2025-05-14 00:00:00
488,55,4,性价比够用。,3,neutral,性价比,2025-11-22 00:00:00
489,55,4,外观优秀，300 越野版真的不错！,4,positive,外观,2025-10-29 00:00:00
490,55,6,动力够用。,2,neutral,动力,2025-05-10 00:00:00
491,55,10,舒适性不足，300 越野版需要改进。,1,negative,舒适性,2026-04-27 00:00:00
492,55,10,内饰适中。,2,neutral,内饰,2026-02-02 00:00:00
493,55,9,智能驾驶适中。,3,neutral,智能驾驶,2026-04-21 00:00:00
494,55,6,性价比惊艳，300 越野版真的不错！,5,positive,性价比,2026-05-01 00:00:00
495,55,7,油耗出色，300 越野版真的不错！,4,positive,油耗,2025-08-13 00:00:00
496,55,8,动力差劲，300 越野版需要改进。,2,negative,动力,2025-11-10 00:00:00
497,55,7,油耗给力，300 越野版真的不错！,4,positive,油耗,2025-09-18 00:00:00
498,55,3,内饰惊艳，300 越野版真的不错！,5,positive,内饰,2026-06-16 00:00:00
499,56,1,舒适性惊艳，C01真的不错！,5,positive,舒适性,2026-04-07 00:00:00
500,56,7,智能驾驶给力，C01真的不错！,5,positive,智能驾驶,2025-10-07 00:00:00
501,56,3,舒适性给力，C01真的不错！,4,positive,舒适性,2025-03-19 00:00:00
502,56,2,续航给力，C01真的不错！,4,positive,续航,2025-08-22 00:00:00
503,56,2,智能驾驶优秀，C01真的不错！,4,positive,智能驾驶,2025-07-25 00:00:00
504,56,6,续航给力，C01真的不错！,5,positive,续航,2025-07-15 00:00:00
505,56,3,性价比中规中矩。,3,neutral,性价比,2025-11-03 00:00:00
506,56,6,智能座舱优秀，C01真的不错！,5,positive,智能座舱,2025-01-13 00:00:00
507,57,3,智能座舱一般。,2,neutral,智能座舱,2025-08-03 00:00:00
508,57,9,油耗惊艳，C11真的不错！,5,positive,油耗,2025-12-15 00:00:00
509,57,6,动力没惊喜。,3,neutral,动力,2025-08-03 00:00:00
510,57,9,外观出色，C11真的不错！,5,positive,外观,2025-05-12 00:00:00
511,57,1,舒适性给力，C11真的不错！,5,positive,舒适性,2025-08-19 00:00:00
512,57,7,性价比给力，C11真的不错！,5,positive,性价比,2025-01-24 00:00:00
513,57,1,空间给力，C11真的不错！,4,positive,空间,2026-02-05 00:00:00
514,57,4,智能座舱卡顿，C11需要改进。,1,negative,智能座舱,2026-01-31 00:00:00
515,57,2,智能驾驶给力，C11真的不错！,5,positive,智能驾驶,2025-04-06 00:00:00
516,58,9,空间优秀，T03真的不错！,4,positive,空间,2026-05-16 00:00:00
517,58,4,内饰给力，T03真的不错！,5,positive,内饰,2025-07-30 00:00:00
518,58,9,内饰很满意，T03真的不错！,5,positive,内饰,2026-01-13 00:00:00
519,58,3,智能驾驶惊艳，T03真的不错！,5,positive,智能驾驶,2025-06-10 00:00:00
520,58,3,性价比粗糙，T03需要改进。,2,negative,性价比,2025-03-12 00:00:00
521,58,4,空间给力，T03真的不错！,4,positive,空间,2026-03-19 00:00:00
522,58,8,空间适中。,3,neutral,空间,2025-07-27 00:00:00
523,59,8,续航中规中矩。,2,neutral,续航,2025-05-27 00:00:00
524,59,7,油耗优秀，S01真的不错！,4,positive,油耗,2025-12-03 00:00:00
525,59,8,舒适性卡顿，S01需要改进。,2,negative,舒适性,2025-02-10 00:00:00
526,59,5,舒适性够用。,3,neutral,舒适性,2026-02-05 00:00:00
527,59,3,智能座舱一般。,2,neutral,智能座舱,2026-03-19 00:00:00
528,59,3,油耗惊艳，S01真的不错！,4,positive,油耗,2025-02-14 00:00:00
529,59,3,续航很满意，S01真的不错！,5,positive,续航,2025-08-11 00:00:00
530,59,7,性价比虚标，S01需要改进。,1,negative,性价比,2025-03-20 00:00:00
531,59,9,智能驾驶没惊喜。,3,neutral,智能驾驶,2025-06-18 00:00:00
532,59,9,外观很满意，S01真的不错！,5,positive,外观,2025-03-16 00:00:00
533,60,8,智能座舱没惊喜。,3,neutral,智能座舱,2025-07-19 00:00:00
534,60,1,续航出色，C10真的不错！,4,positive,续航,2025-12-01 00:00:00
535,60,8,舒适性中规中矩。,3,neutral,舒适性,2025-03-26 00:00:00
536,60,4,舒适性惊艳，C10真的不错！,4,positive,舒适性,2025-10-13 00:00:00
537,60,3,外观一般。,2,neutral,外观,2025-10-29 00:00:00
538,60,7,空间很满意，C10真的不错！,4,positive,空间,2025-10-07 00:00:00
539,60,6,空间很满意，C10真的不错！,4,positive,空间,2025-08-10 00:00:00
540,60,1,性价比惊艳，C10真的不错！,4,positive,性价比,2025-11-12 00:00:00
541,60,10,外观惊艳，C10真的不错！,4,positive,外观,2025-07-26 00:00:00
542,60,6,动力不足，C10需要改进。,1,negative,动力,2025-01-17 00:00:00
543,60,1,智能驾驶很满意，C10真的不错！,4,positive,智能驾驶,2025-08-14 00:00:00
544,61,3,空间没惊喜。,2,neutral,空间,2026-06-09 00:00:00
545,61,6,智能驾驶优秀，S真的不错！,4,positive,智能驾驶,2025-08-01 00:00:00
546,61,7,智能座舱差劲，S需要改进。,1,negative,智能座舱,2025-08-07 00:00:00
547,61,6,空间惊艳，S真的不错！,4,positive,空间,2025-11-20 00:00:00
548,61,4,舒适性很满意，S真的不错！,4,positive,舒适性,2025-10-13 00:00:00
549,61,6,外观一般。,2,neutral,外观,2026-02-25 00:00:00
550,62,8,内饰够用。,2,neutral,内饰,2025-04-08 00:00:00
551,62,7,空间出色，U真的不错！,5,positive,空间,2025-11-22 00:00:00
552,62,8,内饰不足，U需要改进。,2,negative,内饰,2026-04-05 00:00:00
553,62,4,性价比出色，U真的不错！,4,positive,性价比,2025-01-22 00:00:00
554,62,2,续航没惊喜。,2,neutral,续航,2025-09-07 00:00:00
555,62,1,空间没惊喜。,3,neutral,空间,2025-10-31 00:00:00
556,62,7,动力出色，U真的不错！,4,positive,动力,2026-03-31 00:00:00
557,62,6,空间够用。,3,neutral,空间,2025-02-10 00:00:00
558,63,7,续航一般。,2,neutral,续航,2025-12-06 00:00:00
559,63,4,性价比出色，GT真的不错！,4,positive,性价比,2025-08-16 00:00:00
560,63,7,性价比一般。,3,neutral,性价比,2026-03-29 00:00:00
561,63,2,舒适性一般。,2,neutral,舒适性,2025-02-23 00:00:00
562,63,3,动力中规中矩。,2,neutral,动力,2025-06-27 00:00:00
563,63,4,动力惊艳，GT真的不错！,4,positive,动力,2026-04-24 00:00:00
564,63,4,动力出色，GT真的不错！,5,positive,动力,2025-09-12 00:00:00
565,63,10,舒适性给力，GT真的不错！,4,positive,舒适性,2026-05-08 00:00:00
566,63,6,智能座舱出色，GT真的不错！,5,positive,智能座舱,2026-04-28 00:00:00
567,63,9,油耗出色，GT真的不错！,5,positive,油耗,2026-05-09 00:00:00
568,64,7,内饰适中。,3,neutral,内饰,2025-06-06 00:00:00
569,64,3,续航惊艳，AYA真的不错！,5,positive,续航,2025-11-10 00:00:00
570,64,7,性价比很满意，AYA真的不错！,5,positive,性价比,2025-12-08 00:00:00
571,64,8,动力出色，AYA真的不错！,4,positive,动力,2025-01-05 00:00:00
572,64,9,智能驾驶惊艳，AYA真的不错！,5,positive,智能驾驶,2026-03-02 00:00:00
573,64,6,智能座舱虚标，AYA需要改进。,2,negative,智能座舱,2025-03-14 00:00:00
574,65,2,智能座舱差劲，X需要改进。,1,negative,智能座舱,2026-03-23 00:00:00
575,65,6,性价比虚标，X需要改进。,2,negative,性价比,2025-03-01 00:00:00
576,65,7,动力没惊喜。,2,neutral,动力,2025-02-05 00:00:00
577,65,6,外观虚标，X需要改进。,1,negative,外观,2026-04-12 00:00:00
578,65,3,续航卡顿，X需要改进。,1,negative,续航,2025-06-15 00:00:00
579,65,2,智能座舱优秀，X真的不错！,5,positive,智能座舱,2025-03-24 00:00:00
580,65,4,智能座舱惊艳，X真的不错！,4,positive,智能座舱,2025-09-16 00:00:00
581,65,9,性价比适中。,3,neutral,性价比,2025-11-12 00:00:00
582,65,2,内饰一般。,3,neutral,内饰,2025-10-03 00:00:00
583,66,7,续航出色，SU7真的不错！,4,positive,续航,2026-05-19 00:00:00
584,66,2,智能座舱给力，SU7真的不错！,5,positive,智能座舱,2026-03-18 00:00:00
585,66,6,空间出色，SU7真的不错！,4,positive,空间,2026-05-14 00:00:00
586,66,2,舒适性出色，SU7真的不错！,4,positive,舒适性,2025-07-25 00:00:00
587,66,3,动力惊艳，SU7真的不错！,5,positive,动力,2026-03-28 00:00:00
588,66,10,内饰中规中矩。,2,neutral,内饰,2025-10-28 00:00:00
589,66,2,续航给力，SU7真的不错！,4,positive,续航,2025-01-31 00:00:00
590,66,8,舒适性很满意，SU7真的不错！,4,positive,舒适性,2025-03-04 00:00:00
591,66,1,油耗很满意，SU7真的不错！,4,positive,油耗,2025-08-05 00:00:00
592,66,1,智能座舱惊艳，SU7真的不错！,5,positive,智能座舱,2026-04-30 00:00:00
593,66,10,智能座舱够用。,3,neutral,智能座舱,2025-12-18 00:00:00
594,67,6,智能座舱适中。,3,neutral,智能座舱,2025-02-28 00:00:00
595,67,6,内饰粗糙，SU7 Max需要改进。,1,negative,内饰,2026-02-16 00:00:00
596,67,3,外观适中。,2,neutral,外观,2025-10-14 00:00:00
597,67,4,智能驾驶卡顿，SU7 Max需要改进。,2,negative,智能驾驶,2026-05-02 00:00:00
598,67,4,外观很满意，SU7 Max真的不错！,5,positive,外观,2026-01-04 00:00:00
599,67,6,舒适性卡顿，SU7 Max需要改进。,1,negative,舒适性,2026-05-12 00:00:00
600,67,10,内饰惊艳，SU7 Max真的不错！,5,positive,内饰,2026-05-03 00:00:00
601,67,2,智能座舱卡顿，SU7 Max需要改进。,2,negative,智能座舱,2025-07-19 00:00:00
602,68,9,油耗出色，SU7 Ultra真的不错！,4,positive,油耗,2026-05-25 00:00:00
603,68,5,性价比一般。,3,neutral,性价比,2026-04-02 00:00:00
604,68,8,性价比差劲，SU7 Ultra需要改进。,1,negative,性价比,2025-08-05 00:00:00
605,68,2,内饰很满意，SU7 Ultra真的不错！,5,positive,内饰,2025-06-14 00:00:00
606,68,6,智能座舱差劲，SU7 Ultra需要改进。,2,negative,智能座舱,2025-09-21 00:00:00
607,68,2,空间中规中矩。,3,neutral,空间,2025-12-07 00:00:00
608,68,10,油耗虚标，SU7 Ultra需要改进。,1,negative,油耗,2026-01-22 00:00:00
609,68,7,性价比差劲，SU7 Ultra需要改进。,2,negative,性价比,2025-08-17 00:00:00
610,68,5,内饰很满意，SU7 Ultra真的不错！,4,positive,内饰,2025-12-15 00:00:00
611,68,4,内饰一般。,3,neutral,内饰,2025-11-17 00:00:00
612,68,10,外观不足，SU7 Ultra需要改进。,2,negative,外观,2025-07-14 00:00:00
613,69,7,智能驾驶出色，YU7真的不错！,5,positive,智能驾驶,2026-06-17 00:00:00
614,69,10,动力没惊喜。,2,neutral,动力,2025-01-10 00:00:00
615,69,8,智能驾驶给力，YU7真的不错！,4,positive,智能驾驶,2025-08-13 00:00:00
616,69,8,空间出色，YU7真的不错！,5,positive,空间,2025-02-05 00:00:00
617,69,5,性价比给力，YU7真的不错！,4,positive,性价比,2026-05-05 00:00:00
618,69,4,舒适性没惊喜。,3,neutral,舒适性,2025-03-02 00:00:00
619,69,6,空间差劲，YU7需要改进。,1,negative,空间,2025-02-23 00:00:00
620,69,3,舒适性虚标，YU7需要改进。,2,negative,舒适性,2025-06-13 00:00:00
621,69,9,智能座舱粗糙，YU7需要改进。,2,negative,智能座舱,2026-04-30 00:00:00
622,69,7,智能座舱卡顿，YU7需要改进。,1,negative,智能座舱,2025-10-17 00:00:00
623,69,4,性价比很满意，YU7真的不错！,5,positive,性价比,2025-05-15 00:00:00
624,69,10,外观惊艳，YU7真的不错！,5,positive,外观,2025-06-17 00:00:00
625,70,8,续航出色，YU7 Pro真的不错！,4,positive,续航,2025-08-12 00:00:00
626,70,4,外观适中。,3,neutral,外观,2025-04-15 00:00:00
627,70,3,智能座舱一般。,3,neutral,智能座舱,2025-02-27 00:00:00
628,70,8,空间很满意，YU7 Pro真的不错！,4,positive,空间,2026-06-12 00:00:00
629,70,10,智能座舱没惊喜。,2,neutral,智能座舱,2025-09-08 00:00:00
630,70,4,智能座舱给力，YU7 Pro真的不错！,5,positive,智能座舱,2025-06-26 00:00:00
631,70,7,内饰没惊喜。,3,neutral,内饰,2025-10-09 00:00:00
632,70,8,智能驾驶中规中矩。,2,neutral,智能驾驶,2025-04-30 00:00:00
633,70,8,性价比很满意，YU7 Pro真的不错！,4,positive,性价比,2026-05-07 00:00:00
634,70,2,油耗惊艳，YU7 Pro真的不错！,4,positive,油耗,2026-05-11 00:00:00
635,71,5,油耗中规中矩。,2,neutral,油耗,2025-11-30 00:00:00
636,71,9,空间很满意，U8真的不错！,5,positive,空间,2026-02-08 00:00:00
637,71,9,性价比很满意，U8真的不错！,5,positive,性价比,2026-06-16 00:00:00
638,71,9,内饰中规中矩。,2,neutral,内饰,2025-07-05 00:00:00
639,71,3,外观虚标，U8需要改进。,2,negative,外观,2025-05-06 00:00:00
640,71,10,动力很满意，U8真的不错！,4,positive,动力,2025-09-20 00:00:00
641,71,1,内饰卡顿，U8需要改进。,1,negative,内饰,2025-11-02 00:00:00
642,71,9,空间很满意，U8真的不错！,5,positive,空间,2025-09-12 00:00:00
643,71,9,续航出色，U8真的不错！,5,positive,续航,2026-05-18 00:00:00
644,71,9,智能驾驶中规中矩。,2,neutral,智能驾驶,2025-02-15 00:00:00
645,71,4,空间出色，U8真的不错！,5,positive,空间,2025-05-18 00:00:00
646,72,10,智能驾驶出色，U9真的不错！,5,positive,智能驾驶,2026-03-09 00:00:00
647,72,5,续航出色，U9真的不错！,5,positive,续航,2026-02-14 00:00:00
648,72,5,智能座舱优秀，U9真的不错！,4,positive,智能座舱,2025-07-28 00:00:00
649,72,5,动力优秀，U9真的不错！,5,positive,动力,2026-06-08 00:00:00
650,72,7,空间没惊喜。,3,neutral,空间,2026-01-24 00:00:00
651,72,10,动力给力，U9真的不错！,4,positive,动力,2025-05-08 00:00:00
652,72,9,智能座舱给力，U9真的不错！,4,positive,智能座舱,2025-04-02 00:00:00
653,72,6,续航出色，U9真的不错！,4,positive,续航,2025-10-08 00:00:00
654,72,7,动力很满意，U9真的不错！,5,positive,动力,2025-05-07 00:00:00
655,72,5,油耗很满意，U9真的不错！,5,positive,油耗,2025-12-24 00:00:00
656,73,5,性价比优秀，U7真的不错！,5,positive,性价比,2025-04-12 00:00:00
657,73,3,智能驾驶差劲，U7需要改进。,2,negative,智能驾驶,2025-12-20 00:00:00
658,73,9,性价比没惊喜。,3,neutral,性价比,2025-05-11 00:00:00
659,73,9,空间出色，U7真的不错！,4,positive,空间,2026-01-23 00:00:00
660,73,5,外观出色，U7真的不错！,5,positive,外观,2026-03-05 00:00:00
661,73,3,舒适性没惊喜。,3,neutral,舒适性,2026-05-30 00:00:00
662,73,7,性价比给力，U7真的不错！,4,positive,性价比,2025-03-31 00:00:00
663,73,7,智能驾驶不足，U7需要改进。,1,negative,智能驾驶,2025-03-20 00:00:00
664,73,2,空间中规中矩。,2,neutral,空间,2025-10-20 00:00:00
665,73,8,外观优秀，U7真的不错！,5,positive,外观,2025-05-20 00:00:00
666,73,9,性价比惊艳，U7真的不错！,4,positive,性价比,2025-01-15 00:00:00
667,74,1,智能座舱出色，U5真的不错！,5,positive,智能座舱,2026-06-25 00:00:00
668,74,1,油耗一般。,3,neutral,油耗,2026-06-21 00:00:00
669,74,3,内饰差劲，U5需要改进。,2,negative,内饰,2026-06-11 00:00:00
670,74,1,智能座舱惊艳，U5真的不错！,5,positive,智能座舱,2025-06-24 00:00:00
671,74,2,智能驾驶优秀，U5真的不错！,4,positive,智能驾驶,2025-05-01 00:00:00
672,74,8,续航出色，U5真的不错！,5,positive,续航,2025-01-03 00:00:00
673,74,10,智能座舱够用。,2,neutral,智能座舱,2026-06-12 00:00:00
674,74,1,舒适性中规中矩。,3,neutral,舒适性,2025-12-31 00:00:00
675,74,8,智能驾驶给力，U5真的不错！,5,positive,智能驾驶,2025-04-20 00:00:00
676,74,3,智能座舱很满意，U5真的不错！,5,positive,智能座舱,2025-04-14 00:00:00
677,75,2,性价比惊艳，U6真的不错！,4,positive,性价比,2025-05-07 00:00:00
678,75,1,空间差劲，U6需要改进。,2,negative,空间,2026-04-27 00:00:00
679,75,5,智能驾驶出色，U6真的不错！,5,positive,智能驾驶,2025-10-03 00:00:00
680,75,8,舒适性出色，U6真的不错！,4,positive,舒适性,2025-12-29 00:00:00
681,75,1,智能驾驶中规中矩。,2,neutral,智能驾驶,2025-07-14 00:00:00
682,75,3,智能座舱给力，U6真的不错！,5,positive,智能座舱,2025-02-02 00:00:00
683,75,4,舒适性很满意，U6真的不错！,5,positive,舒适性,2026-03-08 00:00:00
684,75,8,空间惊艳，U6真的不错！,5,positive,空间,2026-05-29 00:00:00
685,75,7,空间中规中矩。,2,neutral,空间,2025-01-22 00:00:00
686,76,9,外观很满意，凯美瑞真的不错！,4,positive,外观,2025-12-17 00:00:00
687,76,10,外观惊艳，凯美瑞真的不错！,5,positive,外观,2025-10-24 00:00:00
688,76,2,智能座舱优秀，凯美瑞真的不错！,4,positive,智能座舱,2025-06-06 00:00:00
689,76,3,动力中规中矩。,3,neutral,动力,2025-09-27 00:00:00
690,76,4,智能座舱粗糙，凯美瑞需要改进。,1,negative,智能座舱,2025-04-16 00:00:00
691,76,9,油耗一般。,2,neutral,油耗,2025-06-02 00:00:00
692,76,3,智能座舱给力，凯美瑞真的不错！,4,positive,智能座舱,2025-07-16 00:00:00
693,77,10,动力很满意，卡罗拉真的不错！,4,positive,动力,2026-01-25 00:00:00
694,77,5,动力给力，卡罗拉真的不错！,4,positive,动力,2026-03-13 00:00:00
695,77,9,智能座舱给力，卡罗拉真的不错！,4,positive,智能座舱,2025-04-23 00:00:00
696,77,5,智能驾驶出色，卡罗拉真的不错！,5,positive,智能驾驶,2025-11-24 00:00:00
697,77,3,外观不足，卡罗拉需要改进。,1,negative,外观,2025-11-26 00:00:00
698,77,8,续航惊艳，卡罗拉真的不错！,4,positive,续航,2025-07-09 00:00:00
699,77,8,智能驾驶给力，卡罗拉真的不错！,5,positive,智能驾驶,2025-04-25 00:00:00
700,78,9,空间够用。,3,neutral,空间,2026-01-06 00:00:00
701,78,10,性价比一般。,3,neutral,性价比,2025-10-10 00:00:00
702,78,7,内饰出色，荣放RAV4真的不错！,4,positive,内饰,2025-05-04 00:00:00
703,78,4,动力很满意，荣放RAV4真的不错！,5,positive,动力,2025-03-18 00:00:00
704,78,10,智能驾驶粗糙，荣放RAV4需要改进。,2,negative,智能驾驶,2025-07-26 00:00:00
705,78,3,外观出色，荣放RAV4真的不错！,4,positive,外观,2026-03-05 00:00:00
706,79,9,智能驾驶没惊喜。,3,neutral,智能驾驶,2025-05-01 00:00:00
707,79,2,舒适性卡顿，汉兰达需要改进。,2,negative,舒适性,2026-05-31 00:00:00
708,79,3,油耗一般。,3,neutral,油耗,2025-10-24 00:00:00
709,79,10,外观惊艳，汉兰达真的不错！,4,positive,外观,2026-05-22 00:00:00
710,79,9,内饰没惊喜。,2,neutral,内饰,2026-06-06 00:00:00
711,79,7,智能座舱出色，汉兰达真的不错！,5,positive,智能座舱,2025-07-08 00:00:00
712,79,10,动力优秀，汉兰达真的不错！,4,positive,动力,2026-04-12 00:00:00
713,79,9,续航出色，汉兰达真的不错！,5,positive,续航,2025-10-31 00:00:00
714,79,9,内饰一般。,2,neutral,内饰,2025-02-16 00:00:00
715,79,5,外观给力，汉兰达真的不错！,4,positive,外观,2025-05-17 00:00:00
716,80,1,动力卡顿，亚洲龙需要改进。,1,negative,动力,2025-04-29 00:00:00
717,80,6,油耗给力，亚洲龙真的不错！,5,positive,油耗,2025-03-27 00:00:00
718,80,9,续航粗糙，亚洲龙需要改进。,1,negative,续航,2025-10-29 00:00:00
719,80,1,外观出色，亚洲龙真的不错！,5,positive,外观,2025-10-14 00:00:00
720,80,1,性价比惊艳，亚洲龙真的不错！,4,positive,性价比,2025-09-21 00:00:00
721,80,10,性价比粗糙，亚洲龙需要改进。,1,negative,性价比,2025-08-14 00:00:00
722,80,4,油耗出色，亚洲龙真的不错！,5,positive,油耗,2026-04-02 00:00:00
723,80,7,智能驾驶惊艳，亚洲龙真的不错！,4,positive,智能驾驶,2025-04-06 00:00:00
724,81,3,空间优秀，雅阁真的不错！,4,positive,空间,2026-05-18 00:00:00
725,81,3,续航虚标，雅阁需要改进。,1,negative,续航,2025-06-16 00:00:00
726,81,7,油耗不足，雅阁需要改进。,1,negative,油耗,2025-05-27 00:00:00
727,81,4,舒适性很满意，雅阁真的不错！,5,positive,舒适性,2026-06-24 00:00:00
728,81,1,油耗惊艳，雅阁真的不错！,4,positive,油耗,2026-01-29 00:00:00
729,81,1,外观出色，雅阁真的不错！,4,positive,外观,2025-03-27 00:00:00
730,81,10,外观很满意，雅阁真的不错！,4,positive,外观,2025-12-13 00:00:00
731,81,2,动力粗糙，雅阁需要改进。,1,negative,动力,2026-03-31 00:00:00
732,81,5,智能驾驶一般。,3,neutral,智能驾驶,2025-09-07 00:00:00
733,82,5,性价比很满意，思域真的不错！,4,positive,性价比,2025-02-15 00:00:00
734,82,5,内饰出色，思域真的不错！,5,positive,内饰,2025-01-02 00:00:00
735,82,1,动力粗糙，思域需要改进。,2,negative,动力,2025-05-31 00:00:00
736,82,5,动力很满意，思域真的不错！,5,positive,动力,2026-05-19 00:00:00
737,82,2,动力给力，思域真的不错！,4,positive,动力,2026-01-01 00:00:00
738,82,6,内饰很满意，思域真的不错！,5,positive,内饰,2025-02-14 00:00:00
739,83,7,性价比优秀，CR-V真的不错！,5,positive,性价比,2025-07-05 00:00:00
740,83,3,续航够用。,3,neutral,续航,2025-04-17 00:00:00
741,83,8,智能驾驶很满意，CR-V真的不错！,5,positive,智能驾驶,2025-01-03 00:00:00
742,83,3,空间差劲，CR-V需要改进。,2,negative,空间,2026-02-04 00:00:00
743,83,8,内饰优秀，CR-V真的不错！,4,positive,内饰,2026-03-14 00:00:00
744,83,5,空间虚标，CR-V需要改进。,1,negative,空间,2025-05-11 00:00:00
745,83,7,智能驾驶惊艳，CR-V真的不错！,5,positive,智能驾驶,2026-03-11 00:00:00
746,83,7,油耗出色，CR-V真的不错！,5,positive,油耗,2025-09-09 00:00:00
747,83,9,舒适性优秀，CR-V真的不错！,5,positive,舒适性,2025-08-24 00:00:00
748,83,10,智能座舱很满意，CR-V真的不错！,4,positive,智能座舱,2025-08-29 00:00:00
749,84,1,智能驾驶出色，皓影真的不错！,5,positive,智能驾驶,2025-04-23 00:00:00
750,84,6,智能驾驶给力，皓影真的不错！,4,positive,智能驾驶,2026-04-17 00:00:00
751,84,9,智能座舱出色，皓影真的不错！,4,positive,智能座舱,2025-08-18 00:00:00
752,84,3,内饰惊艳，皓影真的不错！,4,positive,内饰,2025-01-27 00:00:00
753,84,7,智能驾驶中规中矩。,2,neutral,智能驾驶,2025-03-17 00:00:00
754,84,10,空间出色，皓影真的不错！,4,positive,空间,2026-01-10 00:00:00
755,84,4,内饰优秀，皓影真的不错！,4,positive,内饰,2026-03-03 00:00:00
756,84,3,舒适性优秀，皓影真的不错！,4,positive,舒适性,2025-11-03 00:00:00
757,85,6,舒适性给力，奥德赛真的不错！,4,positive,舒适性,2025-04-24 00:00:00
758,85,1,油耗优秀，奥德赛真的不错！,4,positive,油耗,2025-06-14 00:00:00
759,85,7,舒适性优秀，奥德赛真的不错！,5,positive,舒适性,2026-05-29 00:00:00
760,85,4,智能座舱给力，奥德赛真的不错！,4,positive,智能座舱,2025-04-05 00:00:00
761,85,3,动力优秀，奥德赛真的不错！,5,positive,动力,2025-02-27 00:00:00
762,85,3,性价比惊艳，奥德赛真的不错！,4,positive,性价比,2026-05-04 00:00:00
763,85,7,智能座舱很满意，奥德赛真的不错！,4,positive,智能座舱,2026-01-16 00:00:00
764,85,4,续航中规中矩。,2,neutral,续航,2025-03-21 00:00:00
765,85,6,外观给力，奥德赛真的不错！,4,positive,外观,2025-06-16 00:00:00
766,86,4,油耗给力，轩逸真的不错！,4,positive,油耗,2025-07-12 00:00:00
767,86,1,动力很满意，轩逸真的不错！,5,positive,动力,2025-02-15 00:00:00
768,86,8,外观给力，轩逸真的不错！,4,positive,外观,2025-04-06 00:00:00
769,86,1,智能驾驶粗糙，轩逸需要改进。,2,negative,智能驾驶,2026-05-28 00:00:00
770,86,7,智能驾驶很满意，轩逸真的不错！,4,positive,智能驾驶,2025-12-06 00:00:00
771,86,9,内饰很满意，轩逸真的不错！,4,positive,内饰,2026-01-27 00:00:00
772,86,1,续航出色，轩逸真的不错！,4,positive,续航,2026-04-20 00:00:00
773,86,2,动力出色，轩逸真的不错！,4,positive,动力,2025-06-14 00:00:00
774,86,9,性价比粗糙，轩逸需要改进。,2,negative,性价比,2025-05-15 00:00:00
775,86,6,油耗很满意，轩逸真的不错！,5,positive,油耗,2026-02-01 00:00:00
776,87,10,油耗出色，天籁真的不错！,4,positive,油耗,2026-05-25 00:00:00
777,87,1,空间优秀，天籁真的不错！,5,positive,空间,2025-03-31 00:00:00
778,87,8,智能驾驶给力，天籁真的不错！,4,positive,智能驾驶,2025-06-15 00:00:00
779,87,10,智能驾驶很满意，天籁真的不错！,5,positive,智能驾驶,2025-03-14 00:00:00
780,87,8,续航给力，天籁真的不错！,5,positive,续航,2026-03-29 00:00:00
781,87,3,内饰中规中矩。,3,neutral,内饰,2026-01-08 00:00:00
782,87,7,智能座舱粗糙，天籁需要改进。,1,negative,智能座舱,2026-01-11 00:00:00
783,88,6,智能驾驶没惊喜。,2,neutral,智能驾驶,2026-06-03 00:00:00
784,88,1,油耗出色，奇骏真的不错！,4,positive,油耗,2025-01-09 00:00:00
785,88,2,续航出色，奇骏真的不错！,5,positive,续航,2026-02-13 00:00:00
786,88,4,智能座舱不足，奇骏需要改进。,2,negative,智能座舱,2025-12-24 00:00:00
787,88,9,舒适性很满意，奇骏真的不错！,4,positive,舒适性,2025-07-04 00:00:00
788,88,7,智能座舱没惊喜。,2,neutral,智能座舱,2025-12-03 00:00:00
789,88,6,油耗出色，奇骏真的不错！,5,positive,油耗,2026-05-03 00:00:00
790,88,8,外观惊艳，奇骏真的不错！,4,positive,外观,2025-05-30 00:00:00
791,88,6,油耗适中。,2,neutral,油耗,2026-01-25 00:00:00
792,88,6,智能座舱出色，奇骏真的不错！,5,positive,智能座舱,2025-02-25 00:00:00
793,89,7,续航差劲，途达需要改进。,2,negative,续航,2025-03-27 00:00:00
794,89,5,智能座舱给力，途达真的不错！,4,positive,智能座舱,2026-04-08 00:00:00
795,89,9,动力差劲，途达需要改进。,2,negative,动力,2025-02-25 00:00:00
796,89,7,智能驾驶出色，途达真的不错！,5,positive,智能驾驶,2025-07-23 00:00:00
797,89,7,舒适性优秀，途达真的不错！,5,positive,舒适性,2025-06-14 00:00:00
798,89,7,智能驾驶不足，途达需要改进。,2,negative,智能驾驶,2025-07-23 00:00:00
799,89,10,油耗给力，途达真的不错！,4,positive,油耗,2025-11-21 00:00:00
800,90,8,空间给力，ARIYA真的不错！,5,positive,空间,2025-04-27 00:00:00
801,90,7,续航没惊喜。,2,neutral,续航,2025-05-09 00:00:00
802,90,10,内饰一般。,2,neutral,内饰,2025-07-12 00:00:00
803,90,9,空间出色，ARIYA真的不错！,5,positive,空间,2025-12-23 00:00:00
804,90,4,油耗给力，ARIYA真的不错！,4,positive,油耗,2026-01-08 00:00:00
805,90,5,性价比惊艳，ARIYA真的不错！,4,positive,性价比,2026-04-12 00:00:00
806,91,6,性价比优秀，昂克赛拉真的不错！,5,positive,性价比,2025-12-10 00:00:00
807,91,3,舒适性给力，昂克赛拉真的不错！,5,positive,舒适性,2025-07-01 00:00:00
808,91,3,性价比惊艳，昂克赛拉真的不错！,5,positive,性价比,2025-10-19 00:00:00
809,91,7,续航中规中矩。,2,neutral,续航,2025-04-17 00:00:00
810,91,1,油耗很满意，昂克赛拉真的不错！,5,positive,油耗,2026-05-24 00:00:00
811,91,10,性价比没惊喜。,2,neutral,性价比,2026-05-31 00:00:00
812,91,1,续航出色，昂克赛拉真的不错！,5,positive,续航,2025-08-17 00:00:00
813,91,9,智能座舱一般。,2,neutral,智能座舱,2026-04-26 00:00:00
814,91,6,舒适性粗糙，昂克赛拉需要改进。,2,negative,舒适性,2025-01-08 00:00:00
815,92,9,续航够用。,3,neutral,续航,2025-11-11 00:00:00
816,92,7,动力没惊喜。,2,neutral,动力,2025-02-03 00:00:00
817,92,3,智能驾驶给力，阿特兹真的不错！,5,positive,智能驾驶,2025-06-24 00:00:00
818,92,7,动力差劲，阿特兹需要改进。,2,negative,动力,2026-02-07 00:00:00
819,92,10,智能座舱没惊喜。,2,neutral,智能座舱,2025-06-27 00:00:00
820,92,6,性价比惊艳，阿特兹真的不错！,4,positive,性价比,2025-08-25 00:00:00
821,92,3,性价比优秀，阿特兹真的不错！,4,positive,性价比,2026-02-06 00:00:00
822,92,5,性价比够用。,2,neutral,性价比,2025-07-28 00:00:00
823,93,7,外观很满意，CX-5真的不错！,4,positive,外观,2025-03-22 00:00:00
824,93,1,空间给力，CX-5真的不错！,5,positive,空间,2025-07-11 00:00:00
825,93,4,续航优秀，CX-5真的不错！,4,positive,续航,2025-09-09 00:00:00
826,93,7,续航够用。,2,neutral,续航,2025-03-26 00:00:00
827,93,1,油耗不足，CX-5需要改进。,1,negative,油耗,2026-04-16 00:00:00
828,93,2,内饰虚标，CX-5需要改进。,1,negative,内饰,2025-09-26 00:00:00
829,94,8,智能驾驶惊艳，CX-30真的不错！,4,positive,智能驾驶,2025-04-14 00:00:00
830,94,1,智能座舱惊艳，CX-30真的不错！,4,positive,智能座舱,2025-03-20 00:00:00
831,94,7,智能座舱惊艳，CX-30真的不错！,5,positive,智能座舱,2025-06-14 00:00:00
832,94,1,空间很满意，CX-30真的不错！,4,positive,空间,2025-12-18 00:00:00
833,94,8,油耗差劲，CX-30需要改进。,1,negative,油耗,2026-06-19 00:00:00
834,94,2,动力适中。,2,neutral,动力,2025-01-24 00:00:00
835,94,3,动力很满意，CX-30真的不错！,5,positive,动力,2025-08-11 00:00:00
836,95,4,内饰给力，CX-8真的不错！,4,positive,内饰,2025-10-08 00:00:00
837,95,2,智能驾驶惊艳，CX-8真的不错！,5,positive,智能驾驶,2026-05-23 00:00:00
838,95,7,动力出色，CX-8真的不错！,5,positive,动力,2025-07-22 00:00:00
839,95,5,智能座舱适中。,2,neutral,智能座舱,2025-11-16 00:00:00
840,95,4,舒适性惊艳，CX-8真的不错！,5,positive,舒适性,2026-03-10 00:00:00
841,95,5,智能驾驶优秀，CX-8真的不错！,4,positive,智能驾驶,2026-01-28 00:00:00
842,96,6,智能驾驶惊艳，ES300h真的不错！,4,positive,智能驾驶,2025-06-21 00:00:00
843,96,9,续航虚标，ES300h需要改进。,2,negative,续航,2025-12-27 00:00:00
844,96,2,空间惊艳，ES300h真的不错！,5,positive,空间,2025-07-10 00:00:00
845,96,2,动力给力，ES300h真的不错！,5,positive,动力,2025-05-29 00:00:00
846,96,2,外观中规中矩。,3,neutral,外观,2025-12-03 00:00:00
847,96,10,智能驾驶优秀，ES300h真的不错！,4,positive,智能驾驶,2025-03-09 00:00:00
848,96,10,动力很满意，ES300h真的不错！,4,positive,动力,2025-10-12 00:00:00
849,96,2,油耗没惊喜。,3,neutral,油耗,2025-11-22 00:00:00
850,96,4,动力没惊喜。,2,neutral,动力,2026-05-26 00:00:00
851,97,7,内饰粗糙，IS300需要改进。,1,negative,内饰,2025-06-25 00:00:00
852,97,10,智能座舱适中。,2,neutral,智能座舱,2025-01-22 00:00:00
853,97,10,外观给力，IS300真的不错！,5,positive,外观,2025-05-15 00:00:00
854,97,7,外观够用。,2,neutral,外观,2025-01-17 00:00:00
855,97,2,智能座舱给力，IS300真的不错！,5,positive,智能座舱,2025-11-21 00:00:00
856,97,7,内饰没惊喜。,3,neutral,内饰,2025-02-18 00:00:00
857,98,8,舒适性给力，RX450h真的不错！,4,positive,舒适性,2025-04-16 00:00:00
858,98,1,外观很满意，RX450h真的不错！,4,positive,外观,2025-11-27 00:00:00
859,98,7,动力不足，RX450h需要改进。,1,negative,动力,2025-07-15 00:00:00
860,98,6,性价比中规中矩。,2,neutral,性价比,2025-09-23 00:00:00
861,98,1,内饰虚标，RX450h需要改进。,1,negative,内饰,2025-03-18 00:00:00
862,98,10,智能座舱出色，RX450h真的不错！,5,positive,智能座舱,2025-05-22 00:00:00
863,98,2,空间出色，RX450h真的不错！,5,positive,空间,2026-02-28 00:00:00
864,98,2,性价比适中。,2,neutral,性价比,2026-05-05 00:00:00
865,98,5,智能驾驶一般。,3,neutral,智能驾驶,2025-04-05 00:00:00
866,99,2,智能驾驶一般。,2,neutral,智能驾驶,2025-03-21 00:00:00
867,99,8,外观很满意，NX300h真的不错！,4,positive,外观,2025-08-10 00:00:00
868,99,7,动力很满意，NX300h真的不错！,5,positive,动力,2025-12-15 00:00:00
869,99,10,性价比给力，NX300h真的不错！,5,positive,性价比,2026-04-10 00:00:00
870,99,9,内饰一般。,2,neutral,内饰,2026-01-08 00:00:00
871,99,8,油耗惊艳，NX300h真的不错！,4,positive,油耗,2025-07-12 00:00:00
872,99,7,空间优秀，NX300h真的不错！,5,positive,空间,2025-04-15 00:00:00
873,99,2,内饰很满意，NX300h真的不错！,4,positive,内饰,2026-04-17 00:00:00
874,100,8,性价比给力，UX300e真的不错！,5,positive,性价比,2025-09-29 00:00:00
875,100,9,内饰惊艳，UX300e真的不错！,5,positive,内饰,2025-08-06 00:00:00
876,100,9,智能座舱很满意，UX300e真的不错！,5,positive,智能座舱,2026-03-28 00:00:00
877,100,2,外观惊艳，UX300e真的不错！,5,positive,外观,2025-07-18 00:00:00
878,100,7,空间优秀，UX300e真的不错！,5,positive,空间,2026-05-21 00:00:00
879,100,2,外观很满意，UX300e真的不错！,4,positive,外观,2025-08-13 00:00:00
880,100,1,油耗出色，UX300e真的不错！,5,positive,油耗,2025-03-09 00:00:00
881,101,4,油耗惊艳，迈腾真的不错！,5,positive,油耗,2026-02-07 00:00:00
882,101,5,舒适性出色，迈腾真的不错！,4,positive,舒适性,2025-07-28 00:00:00
883,101,5,油耗很满意，迈腾真的不错！,5,positive,油耗,2025-04-07 00:00:00
884,101,10,舒适性出色，迈腾真的不错！,5,positive,舒适性,2025-06-24 00:00:00
885,101,2,空间给力，迈腾真的不错！,4,positive,空间,2026-04-12 00:00:00
886,101,1,舒适性给力，迈腾真的不错！,5,positive,舒适性,2025-01-22 00:00:00
887,101,5,内饰很满意，迈腾真的不错！,4,positive,内饰,2025-12-27 00:00:00
888,101,10,外观差劲，迈腾需要改进。,2,negative,外观,2026-04-29 00:00:00
889,101,1,油耗出色，迈腾真的不错！,5,positive,油耗,2026-06-22 00:00:00
890,101,3,内饰给力，迈腾真的不错！,4,positive,内饰,2025-12-10 00:00:00
891,102,6,性价比惊艳，帕萨特真的不错！,5,positive,性价比,2025-09-17 00:00:00
892,102,1,智能驾驶给力，帕萨特真的不错！,5,positive,智能驾驶,2026-06-15 00:00:00
893,102,10,舒适性够用。,2,neutral,舒适性,2026-06-16 00:00:00
894,102,1,空间一般。,3,neutral,空间,2025-05-26 00:00:00
895,102,1,动力给力，帕萨特真的不错！,5,positive,动力,2025-07-31 00:00:00
896,102,4,智能座舱够用。,2,neutral,智能座舱,2026-04-06 00:00:00
897,102,9,空间虚标，帕萨特需要改进。,2,negative,空间,2025-12-06 00:00:00
898,102,7,续航出色，帕萨特真的不错！,5,positive,续航,2025-02-12 00:00:00
899,102,6,油耗惊艳，帕萨特真的不错！,4,positive,油耗,2026-04-11 00:00:00
900,103,6,续航不足，探岳需要改进。,1,negative,续航,2026-05-26 00:00:00
901,103,3,舒适性卡顿，探岳需要改进。,1,negative,舒适性,2025-10-24 00:00:00
902,103,3,续航够用。,3,neutral,续航,2025-03-08 00:00:00
903,103,1,舒适性一般。,2,neutral,舒适性,2025-10-17 00:00:00
904,103,2,外观够用。,3,neutral,外观,2025-01-06 00:00:00
905,103,1,外观出色，探岳真的不错！,5,positive,外观,2025-12-25 00:00:00
906,103,9,性价比不足，探岳需要改进。,1,negative,性价比,2025-10-05 00:00:00
907,103,4,智能座舱给力，探岳真的不错！,4,positive,智能座舱,2025-08-13 00:00:00
908,103,6,动力惊艳，探岳真的不错！,5,positive,动力,2026-02-13 00:00:00
909,103,2,续航卡顿，探岳需要改进。,2,negative,续航,2025-11-15 00:00:00
910,104,6,油耗出色，途观L真的不错！,4,positive,油耗,2025-09-14 00:00:00
911,104,9,动力给力，途观L真的不错！,5,positive,动力,2025-03-29 00:00:00
912,104,8,性价比惊艳，途观L真的不错！,4,positive,性价比,2026-03-24 00:00:00
913,104,9,舒适性优秀，途观L真的不错！,5,positive,舒适性,2026-01-02 00:00:00
914,104,7,舒适性惊艳，途观L真的不错！,5,positive,舒适性,2026-04-18 00:00:00
915,104,9,外观很满意，途观L真的不错！,5,positive,外观,2025-05-24 00:00:00
916,104,5,动力一般。,3,neutral,动力,2025-10-28 00:00:00
917,105,7,空间中规中矩。,3,neutral,空间,2026-04-19 00:00:00
918,105,9,舒适性中规中矩。,2,neutral,舒适性,2025-02-26 00:00:00
919,105,2,智能驾驶给力，ID.4 CROZZ真的不错！,4,positive,智能驾驶,2026-05-09 00:00:00
920,105,1,内饰一般。,2,neutral,内饰,2026-06-13 00:00:00
921,105,8,空间出色，ID.4 CROZZ真的不错！,4,positive,空间,2025-11-05 00:00:00
922,105,1,舒适性中规中矩。,2,neutral,舒适性,2025-03-10 00:00:00
923,106,2,性价比出色，C200L真的不错！,4,positive,性价比,2025-07-29 00:00:00
924,106,1,性价比惊艳，C200L真的不错！,5,positive,性价比,2025-02-26 00:00:00
925,106,5,智能座舱差劲，C200L需要改进。,2,negative,智能座舱,2025-08-29 00:00:00
926,106,9,续航适中。,3,neutral,续航,2025-05-07 00:00:00
927,106,1,空间出色，C200L真的不错！,4,positive,空间,2025-06-24 00:00:00
928,106,9,动力惊艳，C200L真的不错！,5,positive,动力,2025-10-24 00:00:00
929,107,10,舒适性够用。,3,neutral,舒适性,2026-02-05 00:00:00
930,107,2,舒适性惊艳，E260L真的不错！,5,positive,舒适性,2025-06-01 00:00:00
931,107,8,内饰很满意，E260L真的不错！,5,positive,内饰,2025-11-07 00:00:00
932,107,10,舒适性给力，E260L真的不错！,4,positive,舒适性,2025-05-23 00:00:00
933,107,8,续航出色，E260L真的不错！,4,positive,续航,2026-01-02 00:00:00
934,107,9,动力优秀，E260L真的不错！,5,positive,动力,2026-02-04 00:00:00
935,107,3,空间优秀，E260L真的不错！,5,positive,空间,2025-12-14 00:00:00
936,107,3,续航惊艳，E260L真的不错！,5,positive,续航,2025-03-11 00:00:00
937,108,7,舒适性适中。,2,neutral,舒适性,2026-06-04 00:00:00
938,108,9,续航够用。,2,neutral,续航,2025-12-23 00:00:00
939,108,7,内饰很满意，GLC260L真的不错！,4,positive,内饰,2025-06-12 00:00:00
940,108,2,舒适性给力，GLC260L真的不错！,5,positive,舒适性,2025-08-26 00:00:00
941,108,4,内饰粗糙，GLC260L需要改进。,1,negative,内饰,2026-03-07 00:00:00
942,108,1,油耗不足，GLC260L需要改进。,2,negative,油耗,2025-02-08 00:00:00
943,108,2,舒适性适中。,3,neutral,舒适性,2025-01-31 00:00:00
944,108,6,内饰粗糙，GLC260L需要改进。,2,negative,内饰,2025-05-17 00:00:00
945,108,10,性价比差劲，GLC260L需要改进。,1,negative,性价比,2025-09-16 00:00:00
946,108,5,动力出色，GLC260L真的不错！,4,positive,动力,2026-03-21 00:00:00
947,108,4,内饰中规中矩。,2,neutral,内饰,2025-07-28 00:00:00
948,108,3,外观惊艳，GLC260L真的不错！,5,positive,外观,2025-03-15 00:00:00
949,109,9,舒适性出色，G63真的不错！,4,positive,舒适性,2026-05-01 00:00:00
950,109,6,油耗很满意，G63真的不错！,4,positive,油耗,2026-03-26 00:00:00
951,109,7,内饰出色，G63真的不错！,4,positive,内饰,2026-06-14 00:00:00
952,109,2,舒适性很满意，G63真的不错！,4,positive,舒适性,2025-12-05 00:00:00
953,109,5,续航给力，G63真的不错！,5,positive,续航,2025-03-11 00:00:00
954,109,3,续航卡顿，G63需要改进。,1,negative,续航,2025-09-05 00:00:00
955,109,10,性价比粗糙，G63需要改进。,2,negative,性价比,2025-02-28 00:00:00
956,109,2,油耗给力，G63真的不错！,5,positive,油耗,2025-01-31 00:00:00
957,110,5,动力很满意，EQC真的不错！,5,positive,动力,2025-05-23 00:00:00
958,110,6,外观惊艳，EQC真的不错！,4,positive,外观,2025-03-16 00:00:00
959,110,10,油耗够用。,2,neutral,油耗,2025-03-14 00:00:00
960,110,10,油耗卡顿，EQC需要改进。,1,negative,油耗,2026-05-06 00:00:00
961,110,5,外观不足，EQC需要改进。,1,negative,外观,2026-05-24 00:00:00
962,110,6,智能座舱给力，EQC真的不错！,5,positive,智能座舱,2025-08-22 00:00:00
963,111,1,动力不足，3系需要改进。,2,negative,动力,2026-05-09 00:00:00
964,111,7,空间惊艳，3系真的不错！,5,positive,空间,2025-05-22 00:00:00
965,111,2,油耗给力，3系真的不错！,5,positive,油耗,2025-07-18 00:00:00
966,111,1,动力很满意，3系真的不错！,4,positive,动力,2025-01-11 00:00:00
967,111,9,油耗很满意，3系真的不错！,4,positive,油耗,2025-09-13 00:00:00
968,111,2,外观没惊喜。,2,neutral,外观,2025-07-04 00:00:00
969,112,6,油耗给力，5系真的不错！,4,positive,油耗,2025-05-13 00:00:00
970,112,8,内饰中规中矩。,2,neutral,内饰,2025-09-14 00:00:00
971,112,4,舒适性差劲，5系需要改进。,2,negative,舒适性,2026-03-31 00:00:00
972,112,6,性价比一般。,3,neutral,性价比,2026-06-24 00:00:00
973,112,6,性价比不足，5系需要改进。,1,negative,性价比,2025-12-21 00:00:00
974,112,10,舒适性不足，5系需要改进。,2,negative,舒适性,2025-07-28 00:00:00
975,112,9,动力卡顿，5系需要改进。,2,negative,动力,2025-08-04 00:00:00
976,112,3,外观惊艳，5系真的不错！,4,positive,外观,2026-04-10 00:00:00
977,113,1,续航优秀，X3真的不错！,5,positive,续航,2026-01-29 00:00:00
978,113,2,外观优秀，X3真的不错！,5,positive,外观,2026-01-29 00:00:00
979,113,7,智能座舱很满意，X3真的不错！,5,positive,智能座舱,2025-08-18 00:00:00
980,113,3,智能座舱给力，X3真的不错！,4,positive,智能座舱,2025-02-02 00:00:00
981,113,6,外观给力，X3真的不错！,5,positive,外观,2025-08-10 00:00:00
982,113,6,油耗没惊喜。,3,neutral,油耗,2025-02-28 00:00:00
983,114,7,续航惊艳，X5真的不错！,5,positive,续航,2026-06-16 00:00:00
984,114,7,舒适性出色，X5真的不错！,4,positive,舒适性,2025-01-16 00:00:00
985,114,5,内饰优秀，X5真的不错！,4,positive,内饰,2025-10-30 00:00:00
986,114,7,外观给力，X5真的不错！,5,positive,外观,2025-10-03 00:00:00
987,114,10,外观够用。,2,neutral,外观,2025-11-25 00:00:00
988,114,3,舒适性中规中矩。,3,neutral,舒适性,2026-03-27 00:00:00
989,114,1,智能驾驶优秀，X5真的不错！,5,positive,智能驾驶,2025-08-12 00:00:00
990,114,10,内饰优秀，X5真的不错！,5,positive,内饰,2025-11-18 00:00:00
991,114,8,空间虚标，X5需要改进。,2,negative,空间,2025-09-23 00:00:00
992,114,3,动力差劲，X5需要改进。,1,negative,动力,2025-02-20 00:00:00
993,114,1,空间优秀，X5真的不错！,5,positive,空间,2025-11-21 00:00:00
994,114,4,外观给力，X5真的不错！,5,positive,外观,2025-01-17 00:00:00
995,115,6,性价比适中。,2,neutral,性价比,2025-08-29 00:00:00
996,115,2,性价比很满意，i3真的不错！,5,positive,性价比,2026-06-08 00:00:00
997,115,4,智能驾驶惊艳，i3真的不错！,5,positive,智能驾驶,2025-03-15 00:00:00
998,115,5,空间够用。,2,neutral,空间,2026-01-04 00:00:00
999,115,7,智能驾驶给力，i3真的不错！,5,positive,智能驾驶,2025-02-01 00:00:00
1000,115,1,续航优秀，i3真的不错！,4,positive,续航,2025-01-27 00:00:00
1001,115,4,智能驾驶出色，i3真的不错！,5,positive,智能驾驶,2026-01-23 00:00:00
1002,115,1,空间中规中矩。,3,neutral,空间,2025-03-21 00:00:00
1003,115,4,油耗卡顿，i3需要改进。,2,negative,油耗,2025-05-05 00:00:00
1004,115,9,外观适中。,3,neutral,外观,2026-06-17 00:00:00
1005,115,5,动力出色，i3真的不错！,5,positive,动力,2025-12-03 00:00:00
1006,116,6,动力够用。,3,neutral,动力,2025-04-29 00:00:00
1007,116,8,智能座舱中规中矩。,3,neutral,智能座舱,2025-12-27 00:00:00
1008,116,2,智能驾驶优秀，A4L真的不错！,5,positive,智能驾驶,2025-08-24 00:00:00
1009,116,7,动力优秀，A4L真的不错！,4,positive,动力,2025-09-08 00:00:00
1010,116,7,油耗适中。,2,neutral,油耗,2025-09-24 00:00:00
1011,116,6,智能驾驶中规中矩。,2,neutral,智能驾驶,2026-02-23 00:00:00
1012,116,3,油耗出色，A4L真的不错！,5,positive,油耗,2025-07-04 00:00:00
1013,117,2,智能座舱优秀，A6L真的不错！,5,positive,智能座舱,2026-04-27 00:00:00
1014,117,3,外观中规中矩。,3,neutral,外观,2025-06-20 00:00:00
1015,117,3,性价比粗糙，A6L需要改进。,2,negative,性价比,2025-12-29 00:00:00
1016,117,9,动力很满意，A6L真的不错！,5,positive,动力,2025-12-11 00:00:00
1017,117,6,油耗不足，A6L需要改进。,1,negative,油耗,2025-03-17 00:00:00
1018,117,6,舒适性没惊喜。,3,neutral,舒适性,2026-03-23 00:00:00
1019,117,8,空间优秀，A6L真的不错！,4,positive,空间,2026-06-06 00:00:00
1020,117,1,油耗惊艳，A6L真的不错！,5,positive,油耗,2026-01-24 00:00:00
1021,117,3,性价比很满意，A6L真的不错！,5,positive,性价比,2025-08-26 00:00:00
1022,118,1,油耗给力，Q5L真的不错！,5,positive,油耗,2025-11-27 00:00:00
1023,118,3,空间出色，Q5L真的不错！,4,positive,空间,2026-03-17 00:00:00
1024,118,10,油耗很满意，Q5L真的不错！,5,positive,油耗,2025-12-22 00:00:00
1025,118,2,续航惊艳，Q5L真的不错！,5,positive,续航,2026-03-26 00:00:00
1026,118,3,续航优秀，Q5L真的不错！,5,positive,续航,2025-04-19 00:00:00
1027,118,5,空间差劲，Q5L需要改进。,1,negative,空间,2026-06-05 00:00:00
1028,118,1,油耗适中。,2,neutral,油耗,2025-07-19 00:00:00
1029,118,1,智能驾驶给力，Q5L真的不错！,4,positive,智能驾驶,2026-03-13 00:00:00
1030,119,3,舒适性很满意，Q7真的不错！,5,positive,舒适性,2025-05-03 00:00:00
1031,119,7,舒适性很满意，Q7真的不错！,5,positive,舒适性,2025-05-21 00:00:00
1032,119,2,智能驾驶差劲，Q7需要改进。,1,negative,智能驾驶,2025-03-18 00:00:00
1033,119,9,智能驾驶惊艳，Q7真的不错！,5,positive,智能驾驶,2026-06-10 00:00:00
1034,119,2,智能驾驶没惊喜。,2,neutral,智能驾驶,2025-04-13 00:00:00
1035,119,9,智能驾驶卡顿，Q7需要改进。,1,negative,智能驾驶,2025-02-06 00:00:00
1036,119,1,动力卡顿，Q7需要改进。,1,negative,动力,2026-01-21 00:00:00
1037,119,4,动力粗糙，Q7需要改进。,2,negative,动力,2025-06-05 00:00:00
1038,119,3,舒适性出色，Q7真的不错！,5,positive,舒适性,2025-07-23 00:00:00
1039,119,2,性价比中规中矩。,2,neutral,性价比,2026-03-21 00:00:00
1040,119,9,油耗出色，Q7真的不错！,4,positive,油耗,2025-02-09 00:00:00
1041,120,10,智能座舱够用。,2,neutral,智能座舱,2026-05-11 00:00:00
1042,120,3,续航给力，e-tron GT真的不错！,4,positive,续航,2026-05-12 00:00:00
1043,120,7,油耗优秀，e-tron GT真的不错！,5,positive,油耗,2026-05-08 00:00:00
1044,120,4,内饰惊艳，e-tron GT真的不错！,5,positive,内饰,2026-04-03 00:00:00
1045,120,7,内饰惊艳，e-tron GT真的不错！,4,positive,内饰,2025-11-23 00:00:00
1046,120,6,智能座舱没惊喜。,2,neutral,智能座舱,2026-05-16 00:00:00
1047,120,4,外观够用。,3,neutral,外观,2026-06-04 00:00:00
1048,120,7,外观给力，e-tron GT真的不错！,5,positive,外观,2025-11-22 00:00:00
1049,120,8,智能座舱给力，e-tron GT真的不错！,5,positive,智能座舱,2025-02-25 00:00:00
1050,121,4,智能驾驶给力，Macan真的不错！,4,positive,智能驾驶,2026-04-04 00:00:00
1051,121,10,空间很满意，Macan真的不错！,4,positive,空间,2025-12-04 00:00:00
1052,121,9,外观惊艳，Macan真的不错！,4,positive,外观,2025-04-03 00:00:00
1053,121,6,智能驾驶中规中矩。,2,neutral,智能驾驶,2026-06-16 00:00:00
1054,121,9,动力优秀，Macan真的不错！,4,positive,动力,2026-02-10 00:00:00
1055,121,4,续航虚标，Macan需要改进。,1,negative,续航,2025-12-06 00:00:00
1056,121,9,动力很满意，Macan真的不错！,4,positive,动力,2025-01-21 00:00:00
1057,121,9,内饰没惊喜。,3,neutral,内饰,2025-02-13 00:00:00
1058,122,1,动力很满意，Cayenne真的不错！,4,positive,动力,2025-10-06 00:00:00
1059,122,7,智能座舱够用。,2,neutral,智能座舱,2025-03-28 00:00:00
1060,122,9,智能座舱很满意，Cayenne真的不错！,4,positive,智能座舱,2025-06-05 00:00:00
1061,122,10,智能座舱优秀，Cayenne真的不错！,4,positive,智能座舱,2025-11-16 00:00:00
1062,122,7,性价比够用。,2,neutral,性价比,2025-10-08 00:00:00
1063,122,2,续航惊艳，Cayenne真的不错！,5,positive,续航,2025-10-26 00:00:00
1064,122,4,智能座舱惊艳，Cayenne真的不错！,5,positive,智能座舱,2025-10-19 00:00:00
1065,123,4,智能座舱惊艳，Panamera真的不错！,4,positive,智能座舱,2026-02-08 00:00:00
1066,123,9,内饰差劲，Panamera需要改进。,2,negative,内饰,2025-01-26 00:00:00
1067,123,4,舒适性惊艳，Panamera真的不错！,5,positive,舒适性,2025-04-22 00:00:00
1068,123,6,空间中规中矩。,2,neutral,空间,2025-06-23 00:00:00
1069,123,8,油耗很满意，Panamera真的不错！,4,positive,油耗,2025-05-25 00:00:00
1070,123,8,性价比很满意，Panamera真的不错！,4,positive,性价比,2026-05-21 00:00:00
1071,123,5,智能驾驶很满意，Panamera真的不错！,4,positive,智能驾驶,2025-11-26 00:00:00
1072,123,10,智能座舱够用。,2,neutral,智能座舱,2025-08-03 00:00:00
1073,123,8,性价比够用。,3,neutral,性价比,2025-08-30 00:00:00
1074,123,8,性价比很满意，Panamera真的不错！,4,positive,性价比,2026-03-12 00:00:00
1075,123,7,空间一般。,2,neutral,空间,2026-06-17 00:00:00
1076,124,4,舒适性很满意，718真的不错！,4,positive,舒适性,2026-03-11 00:00:00
1077,124,9,舒适性优秀，718真的不错！,4,positive,舒适性,2026-03-05 00:00:00
1078,124,5,内饰给力，718真的不错！,5,positive,内饰,2025-10-05 00:00:00
1079,124,10,智能驾驶出色，718真的不错！,4,positive,智能驾驶,2025-10-25 00:00:00
1080,124,4,油耗优秀，718真的不错！,5,positive,油耗,2025-09-15 00:00:00
1081,124,4,智能驾驶出色，718真的不错！,4,positive,智能驾驶,2026-06-21 00:00:00
1082,124,8,外观没惊喜。,3,neutral,外观,2025-07-03 00:00:00
1083,124,2,外观出色，718真的不错！,5,positive,外观,2025-07-24 00:00:00
1084,124,9,舒适性中规中矩。,3,neutral,舒适性,2025-03-04 00:00:00
1085,124,10,空间够用。,2,neutral,空间,2025-08-20 00:00:00
1086,124,1,动力给力，718真的不错！,5,positive,动力,2026-03-13 00:00:00
1087,125,6,油耗够用。,3,neutral,油耗,2025-07-27 00:00:00
1088,125,3,内饰给力，Taycan真的不错！,4,positive,内饰,2025-07-02 00:00:00
1089,125,2,空间给力，Taycan真的不错！,5,positive,空间,2025-10-11 00:00:00
1090,125,10,舒适性差劲，Taycan需要改进。,1,negative,舒适性,2025-01-03 00:00:00
1091,125,4,内饰一般。,2,neutral,内饰,2025-06-18 00:00:00
1092,125,1,智能驾驶很满意，Taycan真的不错！,4,positive,智能驾驶,2025-05-21 00:00:00
1093,125,8,智能座舱给力，Taycan真的不错！,5,positive,智能座舱,2025-11-06 00:00:00
1094,125,2,动力惊艳，Taycan真的不错！,5,positive,动力,2026-01-30 00:00:00
1095,125,6,续航适中。,3,neutral,续航,2025-03-22 00:00:00
1096,125,4,空间差劲，Taycan需要改进。,2,negative,空间,2026-03-24 00:00:00
1097,126,5,内饰给力，Model 3真的不错！,5,positive,内饰,2025-07-02 00:00:00
1098,126,6,舒适性惊艳，Model 3真的不错！,5,positive,舒适性,2025-08-07 00:00:00
1099,126,4,智能座舱一般。,3,neutral,智能座舱,2025-01-11 00:00:00
1100,126,6,性价比很满意，Model 3真的不错！,4,positive,性价比,2025-11-14 00:00:00
1101,126,6,续航优秀，Model 3真的不错！,4,positive,续航,2025-10-07 00:00:00
1102,126,5,舒适性很满意，Model 3真的不错！,5,positive,舒适性,2025-09-17 00:00:00
1103,126,1,油耗惊艳，Model 3真的不错！,4,positive,油耗,2026-04-11 00:00:00
1104,126,8,性价比很满意，Model 3真的不错！,4,positive,性价比,2026-01-14 00:00:00
1105,126,3,空间很满意，Model 3真的不错！,4,positive,空间,2026-03-06 00:00:00
1106,126,2,外观中规中矩。,3,neutral,外观,2025-11-18 00:00:00
1107,127,5,动力虚标，Model Y需要改进。,1,negative,动力,2025-11-21 00:00:00
1108,127,3,油耗卡顿，Model Y需要改进。,2,negative,油耗,2025-01-15 00:00:00
1109,127,7,智能座舱不足，Model Y需要改进。,1,negative,智能座舱,2025-07-17 00:00:00
1110,127,9,空间中规中矩。,3,neutral,空间,2025-06-26 00:00:00
1111,127,5,油耗优秀，Model Y真的不错！,4,positive,油耗,2026-02-24 00:00:00
1112,127,1,续航优秀，Model Y真的不错！,5,positive,续航,2025-12-26 00:00:00
1113,128,10,内饰很满意，Model S真的不错！,5,positive,内饰,2025-04-30 00:00:00
1114,128,3,内饰虚标，Model S需要改进。,1,negative,内饰,2025-01-21 00:00:00
1115,128,1,动力没惊喜。,3,neutral,动力,2025-03-25 00:00:00
1116,128,4,续航差劲，Model S需要改进。,1,negative,续航,2025-11-14 00:00:00
1117,128,5,空间出色，Model S真的不错！,5,positive,空间,2025-11-20 00:00:00
1118,128,4,续航出色，Model S真的不错！,4,positive,续航,2025-10-30 00:00:00
1119,129,5,内饰够用。,3,neutral,内饰,2026-01-08 00:00:00
1120,129,9,舒适性很满意，Model X真的不错！,4,positive,舒适性,2026-01-30 00:00:00
1121,129,10,动力给力，Model X真的不错！,5,positive,动力,2025-10-23 00:00:00
1122,129,9,性价比很满意，Model X真的不错！,5,positive,性价比,2026-06-10 00:00:00
1123,129,5,动力够用。,3,neutral,动力,2025-02-02 00:00:00
1124,129,9,空间差劲，Model X需要改进。,2,negative,空间,2026-04-24 00:00:00
1125,129,6,油耗优秀，Model X真的不错！,5,positive,油耗,2025-02-04 00:00:00
1126,129,2,智能驾驶出色，Model X真的不错！,4,positive,智能驾驶,2026-03-08 00:00:00
1127,130,2,空间给力，Cybertruck真的不错！,5,positive,空间,2025-06-16 00:00:00
1128,130,3,外观优秀，Cybertruck真的不错！,5,positive,外观,2026-04-13 00:00:00
1129,130,7,智能座舱出色，Cybertruck真的不错！,5,positive,智能座舱,2025-09-16 00:00:00
1130,130,10,智能驾驶没惊喜。,3,neutral,智能驾驶,2025-11-04 00:00:00
1131,130,4,性价比惊艳，Cybertruck真的不错！,4,positive,性价比,2026-03-13 00:00:00
1132,130,10,智能座舱一般。,2,neutral,智能座舱,2026-06-09 00:00:00
1133,130,5,油耗优秀，Cybertruck真的不错！,4,positive,油耗,2025-05-23 00:00:00
1134,130,6,外观给力，Cybertruck真的不错！,4,positive,外观,2025-05-25 00:00:00
1135,130,8,智能座舱没惊喜。,2,neutral,智能座舱,2025-01-01 00:00:00
1136,131,3,续航很满意，蒙迪欧真的不错！,5,positive,续航,2025-07-09 00:00:00
1137,131,4,智能座舱出色，蒙迪欧真的不错！,4,positive,智能座舱,2025-06-07 00:00:00
1138,131,6,外观一般。,3,neutral,外观,2025-12-19 00:00:00
1139,131,9,智能座舱惊艳，蒙迪欧真的不错！,4,positive,智能座舱,2026-01-21 00:00:00
1140,131,4,内饰一般。,3,neutral,内饰,2025-11-22 00:00:00
1141,131,3,智能座舱够用。,3,neutral,智能座舱,2026-03-11 00:00:00
1142,131,9,内饰惊艳，蒙迪欧真的不错！,5,positive,内饰,2025-01-28 00:00:00
1143,131,10,空间给力，蒙迪欧真的不错！,4,positive,空间,2026-01-06 00:00:00
1144,131,1,油耗很满意，蒙迪欧真的不错！,5,positive,油耗,2025-08-24 00:00:00
1145,131,4,外观给力，蒙迪欧真的不错！,4,positive,外观,2026-03-22 00:00:00
1146,131,7,空间出色，蒙迪欧真的不错！,5,positive,空间,2025-10-19 00:00:00
1147,132,8,外观惊艳，福克斯真的不错！,5,positive,外观,2025-07-03 00:00:00
1148,132,9,内饰很满意，福克斯真的不错！,5,positive,内饰,2025-12-21 00:00:00
1149,132,2,智能座舱一般。,2,neutral,智能座舱,2025-11-23 00:00:00
1150,132,9,智能座舱很满意，福克斯真的不错！,5,positive,智能座舱,2026-05-13 00:00:00
1151,132,7,智能座舱够用。,2,neutral,智能座舱,2026-03-12 00:00:00
1152,132,2,油耗优秀，福克斯真的不错！,5,positive,油耗,2026-01-17 00:00:00
1153,132,6,性价比中规中矩。,3,neutral,性价比,2025-07-03 00:00:00
1154,132,9,智能座舱差劲，福克斯需要改进。,1,negative,智能座舱,2025-01-08 00:00:00
1155,133,10,续航卡顿，锐界L需要改进。,1,negative,续航,2026-04-11 00:00:00
1156,133,8,续航很满意，锐界L真的不错！,4,positive,续航,2026-05-17 00:00:00
1157,133,1,油耗给力，锐界L真的不错！,5,positive,油耗,2026-03-12 00:00:00
1158,133,5,外观出色，锐界L真的不错！,5,positive,外观,2025-10-28 00:00:00
1159,133,1,舒适性给力，锐界L真的不错！,5,positive,舒适性,2025-02-06 00:00:00
1160,133,6,外观出色，锐界L真的不错！,5,positive,外观,2025-06-29 00:00:00
1161,133,2,空间惊艳，锐界L真的不错！,4,positive,空间,2026-03-18 00:00:00
1162,133,6,舒适性卡顿，锐界L需要改进。,1,negative,舒适性,2026-04-15 00:00:00
1163,134,6,外观优秀，探险者真的不错！,4,positive,外观,2025-04-14 00:00:00
1164,134,2,智能驾驶惊艳，探险者真的不错！,5,positive,智能驾驶,2026-02-15 00:00:00
1165,134,5,内饰很满意，探险者真的不错！,5,positive,内饰,2025-07-16 00:00:00
1166,134,5,油耗很满意，探险者真的不错！,4,positive,油耗,2026-01-19 00:00:00
1167,134,4,智能座舱出色，探险者真的不错！,5,positive,智能座舱,2025-10-11 00:00:00
1168,134,1,油耗出色，探险者真的不错！,5,positive,油耗,2025-10-19 00:00:00
1169,135,4,外观出色，Mustang真的不错！,5,positive,外观,2025-10-09 00:00:00
1170,135,10,智能驾驶出色，Mustang真的不错！,4,positive,智能驾驶,2025-08-19 00:00:00
1171,135,6,动力优秀，Mustang真的不错！,4,positive,动力,2025-10-22 00:00:00
1172,135,10,舒适性适中。,3,neutral,舒适性,2025-12-03 00:00:00
1173,135,8,性价比给力，Mustang真的不错！,4,positive,性价比,2025-12-15 00:00:00
1174,135,8,空间惊艳，Mustang真的不错！,5,positive,空间,2025-08-04 00:00:00
1175,135,3,智能座舱惊艳，Mustang真的不错！,5,positive,智能座舱,2025-02-03 00:00:00
1176,135,10,内饰适中。,3,neutral,内饰,2025-12-20 00:00:00
1177,136,9,智能驾驶给力，君威真的不错！,5,positive,智能驾驶,2025-11-19 00:00:00
1178,136,8,外观优秀，君威真的不错！,4,positive,外观,2025-06-20 00:00:00
1179,136,10,智能座舱中规中矩。,3,neutral,智能座舱,2025-10-18 00:00:00
1180,136,8,动力优秀，君威真的不错！,5,positive,动力,2025-05-15 00:00:00
1181,136,2,内饰出色，君威真的不错！,5,positive,内饰,2025-08-05 00:00:00
1182,136,10,续航差劲，君威需要改进。,1,negative,续航,2026-02-15 00:00:00
1183,137,4,智能座舱给力，君越真的不错！,5,positive,智能座舱,2026-01-07 00:00:00
1184,137,6,性价比一般。,3,neutral,性价比,2026-02-18 00:00:00
1185,137,8,续航出色，君越真的不错！,5,positive,续航,2025-07-01 00:00:00
1186,137,1,性价比惊艳，君越真的不错！,5,positive,性价比,2025-06-26 00:00:00
1187,137,2,智能座舱没惊喜。,3,neutral,智能座舱,2026-02-25 00:00:00
1188,137,1,油耗出色，君越真的不错！,4,positive,油耗,2026-05-31 00:00:00
1189,137,10,油耗不足，君越需要改进。,2,negative,油耗,2025-11-29 00:00:00
1190,137,3,油耗中规中矩。,3,neutral,油耗,2026-01-15 00:00:00
1191,137,10,智能座舱出色，君越真的不错！,4,positive,智能座舱,2026-04-14 00:00:00
1192,137,4,空间出色，君越真的不错！,5,positive,空间,2025-11-27 00:00:00
1193,138,1,动力惊艳，昂科威S真的不错！,5,positive,动力,2025-09-08 00:00:00
1194,138,8,动力没惊喜。,2,neutral,动力,2026-05-28 00:00:00
1195,138,10,智能驾驶一般。,2,neutral,智能驾驶,2026-04-19 00:00:00
1196,138,2,外观没惊喜。,2,neutral,外观,2026-06-17 00:00:00
1197,138,7,内饰虚标，昂科威S需要改进。,2,negative,内饰,2025-05-04 00:00:00
1198,138,10,性价比没惊喜。,2,neutral,性价比,2026-05-08 00:00:00
1199,138,1,续航中规中矩。,3,neutral,续航,2026-01-08 00:00:00
1200,139,9,舒适性中规中矩。,3,neutral,舒适性,2025-04-17 00:00:00
1201,139,5,油耗出色，凯迪拉克CT5真的不错！,4,positive,油耗,2026-01-11 00:00:00
1202,139,6,空间惊艳，凯迪拉克CT5真的不错！,4,positive,空间,2025-08-04 00:00:00
1203,139,6,内饰惊艳，凯迪拉克CT5真的不错！,5,positive,内饰,2025-09-08 00:00:00
1204,139,6,续航够用。,3,neutral,续航,2026-04-07 00:00:00
1205,139,10,续航一般。,2,neutral,续航,2025-06-01 00:00:00
1206,139,1,动力优秀，凯迪拉克CT5真的不错！,5,positive,动力,2026-01-07 00:00:00
1207,139,5,空间没惊喜。,3,neutral,空间,2026-03-27 00:00:00
1208,139,3,空间适中。,2,neutral,空间,2025-10-27 00:00:00
1209,140,4,外观优秀，雪佛兰开拓者真的不错！,4,positive,外观,2025-11-07 00:00:00
1210,140,1,续航优秀，雪佛兰开拓者真的不错！,5,positive,续航,2026-06-14 00:00:00
1211,140,10,空间出色，雪佛兰开拓者真的不错！,5,positive,空间,2026-05-29 00:00:00
1212,140,6,智能座舱出色，雪佛兰开拓者真的不错！,5,positive,智能座舱,2026-06-22 00:00:00
1213,140,8,智能座舱很满意，雪佛兰开拓者真的不错！,4,positive,智能座舱,2025-12-17 00:00:00
1214,140,4,动力给力，雪佛兰开拓者真的不错！,4,positive,动力,2025-05-03 00:00:00
1215,140,6,舒适性适中。,3,neutral,舒适性,2025-01-13 00:00:00
1216,140,9,动力够用。,2,neutral,动力,2025-02-03 00:00:00
1217,140,2,智能驾驶给力，雪佛兰开拓者真的不错！,4,positive,智能驾驶,2025-03-23 00:00:00
1218,140,1,舒适性差劲，雪佛兰开拓者需要改进。,1,negative,舒适性,2025-09-20 00:00:00
1219,140,3,动力没惊喜。,2,neutral,动力,2025-07-01 00:00:00
1220,140,10,续航很满意，雪佛兰开拓者真的不错！,5,positive,续航,2025-07-14 00:00:00
1221,141,2,空间中规中矩。,3,neutral,空间,2025-08-01 00:00:00
1222,141,10,油耗惊艳，索纳塔真的不错！,5,positive,油耗,2025-04-11 00:00:00
1223,141,1,智能驾驶出色，索纳塔真的不错！,4,positive,智能驾驶,2026-05-05 00:00:00
1224,141,2,舒适性很满意，索纳塔真的不错！,4,positive,舒适性,2025-08-09 00:00:00
1225,141,5,油耗优秀，索纳塔真的不错！,4,positive,油耗,2026-03-17 00:00:00
1226,141,2,舒适性卡顿，索纳塔需要改进。,1,negative,舒适性,2026-04-13 00:00:00
1227,141,5,智能座舱粗糙，索纳塔需要改进。,2,negative,智能座舱,2025-06-30 00:00:00
1228,141,8,性价比给力，索纳塔真的不错！,5,positive,性价比,2025-09-28 00:00:00
1229,141,4,智能驾驶卡顿，索纳塔需要改进。,2,negative,智能驾驶,2026-05-31 00:00:00
1230,141,8,内饰惊艳，索纳塔真的不错！,4,positive,内饰,2025-01-07 00:00:00
1231,141,9,舒适性出色，索纳塔真的不错！,5,positive,舒适性,2025-07-03 00:00:00
1232,142,5,内饰够用。,3,neutral,内饰,2025-07-07 00:00:00
1233,142,2,动力给力，伊兰特真的不错！,4,positive,动力,2026-05-29 00:00:00
1234,142,9,舒适性给力，伊兰特真的不错！,4,positive,舒适性,2025-08-04 00:00:00
1235,142,3,智能驾驶出色，伊兰特真的不错！,4,positive,智能驾驶,2026-02-10 00:00:00
1236,142,3,油耗够用。,2,neutral,油耗,2026-06-13 00:00:00
1237,142,10,智能座舱差劲，伊兰特需要改进。,2,negative,智能座舱,2025-09-27 00:00:00
1238,143,5,智能驾驶虚标，途胜L需要改进。,1,negative,智能驾驶,2025-12-08 00:00:00
1239,143,6,舒适性没惊喜。,3,neutral,舒适性,2026-02-07 00:00:00
1240,143,1,智能座舱没惊喜。,2,neutral,智能座舱,2025-12-29 00:00:00
1241,143,3,舒适性中规中矩。,3,neutral,舒适性,2025-07-27 00:00:00
1242,143,5,续航很满意，途胜L真的不错！,5,positive,续航,2025-11-26 00:00:00
1243,143,7,智能驾驶出色，途胜L真的不错！,4,positive,智能驾驶,2026-05-31 00:00:00
1244,143,5,内饰出色，途胜L真的不错！,4,positive,内饰,2025-06-14 00:00:00
1245,143,8,油耗很满意，途胜L真的不错！,5,positive,油耗,2026-02-04 00:00:00
1246,143,8,动力适中。,3,neutral,动力,2026-01-20 00:00:00
1247,144,6,续航惊艳，ix35真的不错！,5,positive,续航,2025-10-19 00:00:00
1248,144,3,内饰惊艳，ix35真的不错！,5,positive,内饰,2025-06-05 00:00:00
1249,144,10,续航卡顿，ix35需要改进。,1,negative,续航,2025-04-01 00:00:00
1250,144,6,油耗优秀，ix35真的不错！,5,positive,油耗,2025-10-26 00:00:00
1251,144,3,内饰够用。,3,neutral,内饰,2026-04-02 00:00:00
1252,144,4,空间没惊喜。,3,neutral,空间,2025-08-22 00:00:00
1253,145,4,续航优秀，IONIQ 5真的不错！,5,positive,续航,2025-01-24 00:00:00
1254,145,7,智能座舱惊艳，IONIQ 5真的不错！,5,positive,智能座舱,2025-02-19 00:00:00
1255,145,1,性价比中规中矩。,3,neutral,性价比,2026-03-24 00:00:00
1256,145,9,智能驾驶虚标，IONIQ 5需要改进。,2,negative,智能驾驶,2025-12-08 00:00:00
1257,145,2,油耗适中。,2,neutral,油耗,2025-04-26 00:00:00
1258,145,9,内饰优秀，IONIQ 5真的不错！,5,positive,内饰,2025-07-15 00:00:00
1259,145,7,续航没惊喜。,3,neutral,续航,2025-06-05 00:00:00
1260,145,2,空间没惊喜。,3,neutral,空间,2026-06-25 00:00:00
1261,145,7,外观适中。,3,neutral,外观,2025-10-28 00:00:00
1262,146,7,外观一般。,2,neutral,外观,2025-11-27 00:00:00
1263,146,5,动力优秀，K5真的不错！,5,positive,动力,2026-04-14 00:00:00
1264,146,4,油耗适中。,3,neutral,油耗,2025-06-06 00:00:00
1265,146,3,动力出色，K5真的不错！,5,positive,动力,2025-04-14 00:00:00
1266,146,10,外观优秀，K5真的不错！,4,positive,外观,2025-12-23 00:00:00
1267,146,6,智能驾驶差劲，K5需要改进。,1,negative,智能驾驶,2025-07-26 00:00:00
1268,147,5,动力给力，K3真的不错！,4,positive,动力,2025-01-28 00:00:00
1269,147,8,内饰很满意，K3真的不错！,5,positive,内饰,2026-03-31 00:00:00
1270,147,4,智能座舱粗糙，K3需要改进。,1,negative,智能座舱,2026-03-26 00:00:00
1271,147,4,智能座舱很满意，K3真的不错！,4,positive,智能座舱,2025-06-29 00:00:00
1272,147,10,性价比出色，K3真的不错！,4,positive,性价比,2025-08-03 00:00:00
1273,147,8,油耗给力，K3真的不错！,5,positive,油耗,2026-03-02 00:00:00
1274,147,2,性价比惊艳，K3真的不错！,5,positive,性价比,2025-09-19 00:00:00
1275,147,8,外观惊艳，K3真的不错！,4,positive,外观,2026-03-07 00:00:00
1276,148,2,智能驾驶虚标，智跑需要改进。,2,negative,智能驾驶,2025-03-08 00:00:00
1277,148,5,动力惊艳，智跑真的不错！,4,positive,动力,2026-04-28 00:00:00
1278,148,5,智能驾驶出色，智跑真的不错！,4,positive,智能驾驶,2025-09-12 00:00:00
1279,148,1,空间出色，智跑真的不错！,4,positive,空间,2026-04-27 00:00:00
1280,148,1,油耗够用。,2,neutral,油耗,2026-01-16 00:00:00
1281,148,3,智能座舱一般。,2,neutral,智能座舱,2026-06-16 00:00:00
1282,148,3,智能驾驶差劲，智跑需要改进。,1,negative,智能驾驶,2025-01-31 00:00:00
1283,148,5,智能座舱给力，智跑真的不错！,5,positive,智能座舱,2025-11-25 00:00:00
1284,148,1,智能驾驶惊艳，智跑真的不错！,4,positive,智能驾驶,2025-02-05 00:00:00
1285,149,7,外观卡顿，嘉华需要改进。,2,negative,外观,2026-06-22 00:00:00
1286,149,2,外观出色，嘉华真的不错！,5,positive,外观,2025-04-05 00:00:00
1287,149,2,内饰惊艳，嘉华真的不错！,5,positive,内饰,2026-03-02 00:00:00
1288,149,9,舒适性卡顿，嘉华需要改进。,1,negative,舒适性,2025-01-01 00:00:00
1289,149,8,续航给力，嘉华真的不错！,4,positive,续航,2026-01-10 00:00:00
1290,149,2,舒适性卡顿，嘉华需要改进。,2,negative,舒适性,2025-07-20 00:00:00
1291,149,9,空间出色，嘉华真的不错！,4,positive,空间,2025-03-26 00:00:00
1292,149,7,续航一般。,2,neutral,续航,2025-08-20 00:00:00
1293,149,5,智能驾驶优秀，嘉华真的不错！,5,positive,智能驾驶,2026-06-17 00:00:00
1294,149,5,空间惊艳，嘉华真的不错！,5,positive,空间,2026-01-19 00:00:00
1295,149,10,外观中规中矩。,3,neutral,外观,2025-07-22 00:00:00
1296,150,1,动力惊艳，EV6真的不错！,4,positive,动力,2025-11-27 00:00:00
1297,150,8,舒适性出色，EV6真的不错！,5,positive,舒适性,2026-02-20 00:00:00
1298,150,4,舒适性优秀，EV6真的不错！,5,positive,舒适性,2026-03-27 00:00:00
1299,150,5,性价比给力，EV6真的不错！,5,positive,性价比,2025-07-10 00:00:00
1300,150,8,性价比很满意，EV6真的不错！,5,positive,性价比,2025-12-17 00:00:00
1301,150,5,内饰没惊喜。,3,neutral,内饰,2025-01-27 00:00:00
1302,150,3,内饰粗糙，EV6需要改进。,1,negative,内饰,2025-04-24 00:00:00
